,all_return_1d,all_return_1d_enhanced,all_return_1d_enhanced_return,all_return_1d_enhanced_return_compound,all_return_1d_enhanced_return_compound_ls,all_return_1d_enhanced_return_ls,all_return_1d_return,all_return_1d_return_compound,all_return_1d_return_compound_ls,all_return_1d_return_ls,all_return_20d,all_return_20d_enhanced,all_return_5d,all_return_5d_enhanced,index_return_1d,index_return_1d_enhanced,index_return_1d_enhanced_return,index_return_1d_enhanced_return_compound,index_return_1d_enhanced_return_compound_ls,index_return_1d_enhanced_return_ls,index_return_1d_return,index_return_1d_return_compound,index_return_1d_return_compound_ls,index_return_1d_return_ls,index_return_20d,index_return_20d_enhanced,index_return_5d,index_return_5d_enhanced,industry_return_1d,industry_return_1d_enhanced,industry_return_1d_enhanced_return,industry_return_1d_enhanced_return_compound,industry_return_1d_enhanced_return_compound_ls,industry_return_1d_enhanced_return_ls,industry_return_1d_return,industry_return_1d_return_compound,industry_return_1d_return_compound_ls,industry_return_1d_return_ls,industry_return_20d,industry_return_20d_enhanced,industry_return_5d,industry_return_5d_enhanced,return_1d,return_1d_enhanced,return_1d_enhanced_return,return_1d_enhanced_return_compound,return_1d_enhanced_return_compound_ls,return_1d_enhanced_return_ls,return_1d_return,return_1d_return_compound,return_1d_return_compound_ls,return_1d_return_ls,return_20d,return_20d_enhanced,return_5d,return_5d_enhanced,tick
0,0.4702,0.4312,-0.40376058423728206,0.6201079440870867,1.1206604396433562,0.22332271693437344,-0.3594830455377283,0.5467690796571989,0.8227251163934565,0.18389223658781134,0.4292,0.3217,0.423,0.4449,0.4702,0.4312,-0.40376058423728206,0.6201079440870867,1.1206604396433562,0.22332271693437344,-0.3594830455377283,0.5467690796571989,0.8227251163934565,0.18389223658781134,0.4292,0.3285,0.46,0.4723,0.4846,0.4791,-0.05385800646545186,0.9129853343083063,1.1412268266883452,0.25117060761943366,-0.4628532962377396,0.5238053133292058,0.6683244419090406,-0.022848264812210972,0.4045,0.3354,0.4538,0.527,0.488,0.4814,-0.30873787060166935,0.6661198830853142,0.6004900035966814,-0.3683093315741811,-0.8135546020649665,0.34587636663189353,0.330946250470927,-0.7242508764666649,0.5593,0.6098,0.5325,0.587,000760.SZ
1,0.501,0.4868,-0.23521721871767176,0.7719481767883293,0.693928951311237,-0.33433556204116616,-0.2976293977726713,0.67138083249003,0.5354897678375428,-0.4842801659970072,0.5538,0.4327,0.5254,0.6018,0.5112,0.4936,-0.3070666639477904,0.7162839296773185,0.7610346507535042,-0.23430608999493077,-0.3330141165061349,0.6535970744595491,0.49861999774062765,-0.5550496034639346,0.5497,0.4733,0.5152,0.5815,0.5091,0.5341,0.05504229557168594,1.0325760133821977,1.0728772725047557,0.1067836737530357,-0.3642023673894065,0.6363089925003301,0.46844928509811534,-0.6174261052304779,0.5558,0.5815,0.5233,0.568,0.5105,0.5021,-0.032478901315815045,0.9402406931906292,0.7336150867493787,-0.2510561447000122,-0.3621184727470984,0.6427316512435889,0.47041986456326335,-0.6132583159458617,0.5112,0.4057,0.4835,0.4527,002116.SZ
2,0.5193,0.595,-0.054432460734590515,0.9157343125619295,1.5921297361753066,0.5149131309223238,-0.1387678331007129,0.7916399867855564,0.7332234303034147,-0.13720848337303287,0.5193,0.4936,0.5254,0.5477,0.5193,0.595,-0.054432460734590515,0.9157343125619295,1.5921297361753066,0.5149131309223238,-0.1387678331007129,0.7916399867855564,0.7332234303034147,-0.13720848337303287,0.5193,0.4936,0.5254,0.5477,0.5254,0.6018,0.03625035457635938,1.0095344750504927,1.4346535460591512,0.4098587954091415,0.2432841029948725,1.1640053764639973,1.5761432787261624,0.6268953888181377,0.5416,0.5882,0.497,0.4868,0.5169,0.5226,0.06520385583095292,1.061689031743325,0.9571717167641252,0.0061945713913499345,-0.025513298219223463,0.938258281869447,0.9199225169444532,0.0893005863899459,0.544,0.5181,0.4918,0.5034,300403.SZ
3,,,,,,,,,,,,,,,,,,,,,,,,,,,,,,,,,,,,,,,,,,,,,,,,,,,,,,,,,603098.SH
4,0.4848,0.5003,0.0,1.0,0.9463657378352636,-0.03524652338530032,0.0,1.0,0.8871800594514443,-0.042477044561488986,0.3895,0.3381,0.5517,0.5544,0.4848,0.4801,0.0,1.0,0.9319175353319802,-0.05071439658231117,0.0,1.0,0.8871800594514443,-0.042477044561488986,0.4057,0.3043,0.5497,0.5477,0.4929,0.5341,0.0,1.0,0.8317058460471156,-0.16089310998584647,0.0,1.0,0.8871800594514443,-0.042477044561488986,0.4807,0.4327,0.5355,0.5409,0.5075,0.5068,0.063401978174688,1.0536173841823826,0.991086045981712,0.019695367603590974,0.0004319332003794446,0.9788449946227671,0.8876569897728922,-0.04161317816073021,0.4714,0.5986,0.469,0.4683,603158.SH
5,0.5376,0.5321,0.004263195983991747,0.9870762172159822,0.9528353340335941,0.0019377689376698926,0.7022106599998181,1.891761613972703,1.7684728512982535,0.7247866452989633,0.5845,0.7121,0.5376,0.5321,0.5376,0.5321,0.004263195983991747,0.9870762172159822,0.9528353340335941,0.0019377689376698926,0.7022106599998181,1.891761613972703,1.7684728512982535,0.7247866452989633,0.5845,0.7121,0.5376,0.5321,0.5681,0.5869,0.030402644397863415,1.0124237237577467,1.0038275574263156,0.04726979564148462,0.5498722337349826,1.6241758383265117,1.3032702388027093,0.42010979276929217,0.608,0.7825,0.5446,0.6103,0.5166,0.5213,-0.08489572898605546,0.9108782011196853,0.8235064789727891,-0.15163837915349376,0.006850999392349039,0.9763731000742628,0.43958663173227264,-0.6659326759159747,0.4753,0.4549,0.5059,0.4941,603939.SH
6,0.5598,0.6288,0.18949330159519245,1.1820944798126816,1.1520430884411148,0.19344999165954765,-0.15701385338043577,0.7898487616425542,0.5652884157057562,-0.4289313021786013,0.5984,0.6626,0.5822,0.6153,0.5598,0.6288,0.18949330159519245,1.1820944798126816,1.1520430884411148,0.19344999165954765,-0.15701385338043577,0.7898487616425542,0.5652884157057562,-0.4289313021786013,0.5801,0.6761,0.572,0.6356,0.5456,0.5206,-0.23791869553843464,0.7612595749114984,0.7641771262035433,-0.20958816309267903,0.13565440849904126,1.0365932161014075,1.0161723834738634,0.15640522158035267,0.5598,0.7911,0.568,0.6761,0.5432,0.5965,0.4159653667915456,1.4930394156187832,1.2542133218707008,0.2649415544821977,-0.07031768599101534,0.8800994250806179,0.6723560980919244,-0.2555389673997607,0.4675,0.5759,0.5738,0.6029,600109.SH
7,,,,,,,,,,,,,,,,,,,,,,,,,,,,,,,,,,,,,,,,,,,,,,,,,,,,,,,,,300637.SZ
8,,,,,,,,,,,,,,,,,,,,,,,,,,,,,,,,,,,,,,,,,,,,,,,,,,,,,,,,,603356.SH
9,0.501,0.5277,-0.22652587659265674,0.7853120702371429,0.8129923585949159,-0.18436328560945558,-0.15140784192533546,0.7973533819374968,0.6404082533254755,-0.34391443440919445,0.513,0.4409,0.505,0.5144,0.495,0.4876,-0.1854446682672341,0.8179373426573313,0.8220932694935132,-0.1736256261144391,-0.11735877834574174,0.8252924251357986,0.6854664222073017,-0.27581630725000705,0.513,0.4409,0.495,0.4943,0.523,0.5611,-0.2791884898864789,0.7422865633607894,0.7844564608026882,-0.21708761576601032,-0.1605138830442744,0.7922591137362435,0.6287628214537705,-0.36212651664707246,0.5411,0.4743,0.4709,0.5344,0.5043,0.4928,-0.032090380847012365,0.955105531270882,0.9816503933313029,0.007056759823253017,-0.2462168338456733,0.7431399379345487,0.5292420214390491,-0.5335324182498702,0.4245,0.55,0.4611,0.5738,000301.SZ
10,0.499,0.5133,-0.3451072555577194,0.6833464414477102,0.7872206624348067,-0.19260550815043886,-0.5382941055571759,0.5063673521889984,0.5193649856291072,-0.47562159647582175,0.4172,0.4873,0.4269,0.4094,0.5049,0.5198,-0.20902202011709387,0.7775855472772992,0.7925428087076986,-0.17480745529815234,-0.5511629155864042,0.49928624055100446,0.5061665824000046,-0.501359216534278,0.4152,0.5328,0.4288,0.4094,0.4951,0.5003,-0.32240894347669974,0.6963343324470541,0.8728058812482787,-0.08908332370515289,-0.3621486089236171,0.5975293708148075,0.7392401483624007,-0.12333060320870382,0.4191,0.4873,0.423,0.5263,0.4847,0.5181,-0.2819555880834684,0.7208307988895524,0.8616426413111054,-0.07875794061592331,-0.26982317580732534,0.6660174253975467,0.8892652688730821,0.061320263023879634,0.4475,0.4554,0.4649,0.4743,000510.SZ
11,0.568,0.595,0.211949740341967,1.2058322994190713,1.0833353475584138,0.11394878821544292,0.3162570318904072,1.2332756103667315,1.2333760296330016,0.347029881676016,0.6978,0.8046,0.5963,0.6626,0.568,0.595,0.211949740341967,1.2058322994190713,1.0833353475584138,0.11394878821544292,0.3162570318904072,1.2332756103667315,1.2333760296330016,0.347029881676016,0.6978,0.7911,0.5984,0.6694,0.5619,0.6288,0.3211198029489206,1.345317980642304,1.4254422240175935,0.3921112160295953,0.13697276165865724,1.0417338333894832,0.8613066602793863,-0.011538658787483752,0.6633,0.7032,0.6105,0.6626,0.5347,0.5374,0.24739495212104834,1.2385699455980161,1.2119756075684596,0.23858788027739497,0.3538081535269062,1.2978749077518326,1.3297420637101465,0.42213212494901414,0.4828,0.6423,0.5849,0.5181,002111.SZ
12,0.5355,0.5815,-0.14308586960720995,0.8322466639804755,0.8439955322359196,-0.07449094814080927,-0.07713870981468207,0.8044988861248156,0.36067429634390225,-0.7525280429097589,0.4442,0.3854,0.5416,0.568,0.5355,0.595,-0.018093453578020294,0.936020967433282,0.8820382460570831,-0.022080814179189015,-0.25334849045350927,0.6680562738785312,0.25337421404579735,-1.1049476041874131,0.4442,0.3854,0.5456,0.5544,0.5091,0.5477,-0.2757527396915671,0.7322438201347817,0.7942238976897141,-0.13630077213212702,-0.5132823467083594,0.5240874461416009,0.15058538588399006,-1.6248153166971133,0.4888,0.4395,0.5375,0.5747,0.5093,0.5314,0.16156252812412622,1.124436260074371,0.9214975598496864,0.0223124017818499,-0.004504550034332533,0.8769077390897972,0.4170661077682619,-0.6072597233490594,0.5,0.5014,0.457,0.5533,002156.SZ
13,0.5294,0.5544,-0.0585250342152516,0.9100812948644459,1.17008136231716,0.23989250587171554,0.2010221061467157,1.0699845291478647,1.1882843656333548,0.4180654754690659,0.5578,0.4868,0.499,0.5815,0.5294,0.5544,-0.0585250342152516,0.9100812948644459,1.17008136231716,0.23989250587171554,0.2010221061467157,1.0699845291478647,1.1882843656333548,0.4180654754690659,0.5619,0.5003,0.5193,0.5612,0.5294,0.5612,0.2557966507678461,1.255554334951153,1.893141096165654,0.7157222737224367,0.10740266740406895,0.9849754148774044,0.9846837916743687,0.23082659798377247,0.5112,0.4327,0.5254,0.5409,0.5198,0.5405,0.06830391718049059,1.034311272092394,1.3356670711877243,0.38376586615007946,-0.13867824222886174,0.7858355410899972,0.6016706930202946,-0.2613352212820887,0.4622,0.5249,0.5094,0.4851,300050.SZ
14,0.508,0.5977,0.16973910217513447,1.1726097857524527,1.490741467689844,0.44902691382418947,0.054559076126397946,0.9969769449152792,0.8478965200905055,-0.008282652268791685,0.4506,0.3908,0.4621,0.4904,0.5172,0.59,0.21108801140305153,1.221196542468907,1.2444629673246947,0.27539724570998253,0.3140379833278006,1.2791806702679467,1.4266373091834526,0.5106751621340135,0.4506,0.3908,0.4598,0.4828,0.508,0.567,0.038227291500405346,1.0264476451953188,1.0319312351502279,0.08420982156928522,0.15060607858842887,1.0936602099064445,1.0280706849117645,0.18381135265527007,0.4644,0.4291,0.5011,0.5594,0.5012,0.5437,-0.03751131060725832,0.9407114640806086,1.0410732047883617,0.1075205726925315,-0.2518753460579705,0.7262049661038972,0.4593889337347283,-0.6211514966375284,0.4673,0.4439,0.5012,0.5621,300067.SZ
15,0.4625,0.4665,0.00955060471721493,0.9843946801730294,1.0545045376631255,0.1235507852616729,-0.2228589067069711,0.7322454614737456,0.3562796487539542,-0.7963102162013422,0.574,0.8654,0.501,0.5612,0.4807,0.5003,0.09031760860469484,1.0643299496365644,1.2850981099672858,0.3231007046354828,0.05395056567099582,0.952223606800696,0.6202299294433073,-0.2426912714454087,0.5882,0.8925,0.501,0.5612,0.4909,0.5003,-0.07988586154628331,0.8957318353746822,0.8135513339931152,-0.12541876547124212,-0.013943528895167423,0.8798495445876259,0.5410355504609021,-0.3784794605777351,0.572,0.4462,0.4665,0.5612,0.528,0.546,0.12809281369057388,1.101808695335284,1.0607927202977148,0.14174536052130726,0.3877333724691051,1.3040790926966768,1.209972530714947,0.4248743421508099,0.5703,0.5635,0.541,0.6352,600448.SH
16,0.5619,0.5544,-0.07372480327144432,0.9136821462588407,0.9485533333814891,-0.025952913478407474,0.0062879879161222285,0.9564565307527086,1.042772309271928,0.10766784528796025,0.6308,0.7032,0.5761,0.622,0.5619,0.5544,-0.07372480327144432,0.9136821462588407,0.9485533333814891,-0.025952913478407474,0.0062879879161222285,0.9564565307527086,1.042772309271928,0.10766784528796025,0.6308,0.7032,0.572,0.6018,0.5822,0.6085,-0.18286289686687204,0.8175569626540026,0.8127933936005404,-0.1793469108337322,-0.0444236452784296,0.9093690291744551,0.9421896642075785,0.00624457889885674,0.6613,0.6423,0.5963,0.5747,0.5116,0.4933,-0.16588898363258042,0.8361105666080899,0.7180008064088208,-0.30374887510053294,-0.06565484473300542,0.9026465834085832,0.902764614947846,-0.036217820010295027,0.4508,0.321,0.501,0.6211,000685.SZ
17,,,,,,,,,,,,,,,,,,,,,,,,,,,,,,,,,,,,,,,,,,,,,,,,,,,,,,,,,603226.SH
18,0.5172,0.5139,-0.4012266765289002,0.6572399333581416,0.7848059618689911,-0.19337793999790664,-0.15935362329577907,0.7873560856795072,0.7449420637320985,-0.14217957622190916,0.5193,0.5274,0.5396,0.5815,0.5091,0.5612,-0.28615740058629835,0.7383972065224251,0.7800622795320508,-0.19852055242952008,-0.1828399463788119,0.7713154479222785,0.7107200387338656,-0.1891522223879749,0.5193,0.5274,0.5396,0.5815,0.5355,0.5409,-0.31007013818778395,0.7171969448364234,0.7735334284535246,-0.20119759084185926,0.0022042135815959207,0.9336605991878446,1.0293490346750234,0.1809360975328406,0.5598,0.5341,0.5314,0.6085,0.5159,0.5074,-0.22176730866606217,0.7824276000871794,0.8973633649781687,-0.03429189663286458,-0.14783384722434806,0.8104137952966323,0.7621777252008941,-0.11914002407904713,0.6314,0.6993,0.5165,0.5441,600493.SH
19,0.5508,0.625,0.1312223972975185,1.0952966148543224,1.2887224704347084,0.3302644349595165,0.08477469111807125,0.969245663452556,1.095624434057786,0.29121814849358696,0.4492,0.6315,0.5586,0.5534,0.541,0.5794,0.09812712974585236,1.0467132657935396,1.00246763191315,0.09080795198643224,0.13795401038598554,1.0176510237867198,1.218696137934268,0.39757678702941546,0.4492,0.6315,0.5586,0.5534,0.5352,0.5859,0.2940769883495029,1.2916048967866711,1.2383266487875482,0.2839150294009706,-0.06853351016657888,0.8226507389468508,0.8060023265684992,-0.015398254075713297,0.4746,0.6836,0.5664,0.5469,0.5217,0.5731,0.14579439024417237,1.124055400059949,1.1386113716172421,0.18889440403949384,0.060236186417296486,0.9261880311918063,1.0435270092596352,0.24214113909203727,0.5382,0.574,0.6031,0.6156,600141.SH
20,,,,,,,,,,,,,,,,,,,,,,,,,,,,,,,,,,,,,,,,,,,,,,,,,,,,,,,,,300216.SZ
21,0.5127,0.5068,0.12366639872438266,1.1199317028442526,1.0659317007172424,0.08341682180728065,0.15454172351956508,1.109645058042185,0.969620288393573,0.053085335149235136,0.5945,0.5783,0.5478,0.6043,0.5127,0.5068,0.12366639872438266,1.1199317028442526,1.0659317007172424,0.08341682180728065,0.15454172351956508,1.109645058042185,0.969620288393573,0.053085335149235136,0.5945,0.5783,0.54,0.6238,0.5244,0.5068,0.14152487426002985,1.1417610543743206,1.172765890152805,0.17830071403044154,0.41425592035233594,1.4634870542236593,1.6304552471086722,0.5725137288147774,0.5712,0.5328,0.5361,0.5783,0.5531,0.5782,0.1727156311651824,1.1820507249948484,1.133468606796857,0.15243631738915936,0.24742968678410815,1.2623769499762427,1.167608197971875,0.2388612616783215,0.4137,0.4052,0.5599,0.5828,002324.SZ
22,0.572,0.5477,-0.11495181122053372,0.878540753595314,0.8610290884303444,-0.07564940134128884,-0.02990139147090362,0.9160338615944671,0.8272387444626642,-0.03110740916657663,0.6755,0.7708,0.5254,0.6018,0.568,0.5544,-0.03715991523048283,0.9545600399317021,0.7079873771424803,-0.27512861095757607,-0.09817358297000711,0.8586401002695113,0.7216348140789226,-0.16765179216478387,0.6694,0.7776,0.5254,0.6018,0.5639,0.568,-0.1636639879871243,0.8387225739820585,0.6896977367726814,-0.3042834507346911,0.016413149826862927,0.9572721211761157,0.9075787968620479,0.06152167342895648,0.6572,0.7978,0.5456,0.5815,0.5294,0.5301,-0.026072542861318132,0.9540489501221329,0.6712988045142267,-0.3257340531287467,-0.4166759971479056,0.6083994284976721,0.3813286539311844,-0.8046566205205808,0.591,0.7226,0.5303,0.5289,601008.SH
23,0.4787,0.4936,-0.17420736971510042,0.8081780476078386,0.9324033464489011,-0.0032368025430379588,0.12418589134621749,0.9944999369936587,1.1299241523563681,0.33744895289811216,0.5112,0.4801,0.4726,0.5003,0.4787,0.4936,-0.17420736971510042,0.8081780476078386,0.9324033464489011,-0.0032368025430379588,0.12418589134621749,0.9944999369936587,1.1299241523563681,0.33744895289811216,0.5112,0.4801,0.4726,0.5003,0.4929,0.5206,-0.2601541506334338,0.7454232849498534,1.0739432385947703,0.1309395674217954,0.1029636073679635,0.9709791693569348,1.0824523621471969,0.2950043849416041,0.4909,0.4598,0.5193,0.5341,0.4759,0.5171,-0.2193691903696111,0.7746894472103706,1.0632708254997896,0.13198185386219705,-0.17813695636267896,0.7502917048268757,0.6162203602756219,-0.26719674251968073,0.5325,0.4607,0.4766,0.5499,300401.SZ
24,0.446,0.3917,-1.7453792881900647,0.16457647062615777,0.06047501173376897,-2.665351854145567,-2.386594381498297,0.08390840103918502,0.039061079232394096,-2.917547322117195,0.3885,0.4077,0.458,0.5276,0.446,0.3917,-1.7453792881900647,0.16457647062615777,0.06047501173376897,-2.665351854145567,-2.386594381498297,0.08390840103918502,0.039061079232394096,-2.917547322117195,0.3885,0.3997,0.458,0.5276,0.5108,0.4077,-1.097361668180179,0.32264822274245797,0.18279119394502377,-1.5746699938291613,-1.6937544282322525,0.17220698009773885,0.15648601043586471,-1.5318674155851055,0.3765,0.4077,0.4556,0.4796,0.4356,0.3713,-1.954055837186003,0.13101205341699215,0.13057088109515086,-1.9357765194044454,-2.4122281007849073,0.0724094401403192,0.037095727498797706,-2.9688147606904147,0.3573,0.3517,0.4453,0.3893,002359.SZ
25,0.4929,0.5612,0.19681129813639073,1.1872924210831854,1.0887252280701207,0.13339791171075058,0.2822257730708471,1.2213534309933856,1.357494835563204,0.44232753684833714,0.574,0.5747,0.5254,0.5612,0.4909,0.5341,0.10002555011273584,1.078039720830194,1.062869430898532,0.11151982913442501,0.25918881779008585,1.1944959816154495,1.2963421822184396,0.39625362628681454,0.5781,0.5747,0.5254,0.5612,0.4949,0.5882,0.22401562179347384,1.217831289990625,1.1478763208033063,0.18694959631303149,0.3014958496140263,1.2449491555736216,1.4108397860494104,0.48086768993469575,0.5781,0.6829,0.5112,0.6018,0.5315,0.6443,0.11712704529582309,1.1044136664991184,1.2260108351286956,0.2606269194721629,0.09471135166393005,1.040115077248634,0.9325274629835354,0.06729869403450336,0.5682,0.8758,0.5954,0.6432,600073.SH
26,,,,,,,,,,,,,,,,,,,,,,,,,,,,,,,,,,,,,,,,,,,,,,,,,,,,,,,,,601881.SH
27,0.4969,0.4762,0.016800037041522678,0.9978632242471612,1.049888158563729,0.10350477489871066,-0.6770681021304278,0.4536960290735936,0.6241413331271609,-0.29741723787899077,0.4286,0.3796,0.4824,0.5245,0.4969,0.4762,0.016800037041522678,0.9978632242471612,1.049888158563729,0.10350477489871066,-0.6770681021304278,0.4536960290735936,0.6241413331271609,-0.29741723787899077,0.4306,0.3865,0.4824,0.5245,0.4969,0.5107,0.02288370775769808,1.0065159163890756,1.3802596359974972,0.3815583446595843,-0.332936619112768,0.6564146187794944,1.244065318251811,0.39084572815632906,0.4451,0.3658,0.472,0.49,0.487,0.6159,0.04326359628423741,1.0214355513705458,1.0112416429245072,0.051996099186704586,-0.7256749796064234,0.4316935538240234,0.5660809827549078,-0.39463099283098174,0.3849,0.4951,0.4708,0.6667,002742.SZ
28,,,,,,,,,,,,,,,,,,,,,,,,,,,,,,,,,,,,,,,,,,,,,,,,,,,,,,,,,603383.SH
29,0.5464,0.4896,-0.23686689567457725,0.7757883811521362,0.6751172381834208,-0.3366385152450516,0.06561761565898455,0.971395236642414,1.7482247149509036,0.7410571126860378,0.4557,0.36,0.4903,0.5616,0.5464,0.4896,-0.23686689567457725,0.7757883811521362,0.6751172381834208,-0.3366385152450516,0.06561761565898455,0.971395236642414,1.7482247149509036,0.7410571126860378,0.4557,0.36,0.4903,0.5616,0.5572,0.5544,0.09081723962572216,1.081224829137021,1.0372919966316432,0.09534553354122569,0.056697465442122646,0.9961306849372389,1.7161397971257604,0.7232168122523138,0.5918,0.7775,0.5702,0.6048,0.5023,0.5505,-0.03143335237712014,0.9487552642942733,1.1234640403325529,0.1999782368715729,-0.14959483057133785,0.8090857953969554,1.1361371815711307,0.3106322202253928,0.5804,0.7029,0.5978,0.6813,600365.SH
30,0.5416,0.5409,-0.40735460162947995,0.6344658263076794,0.8538369604018444,-0.07102597268950853,0.03886666558676191,0.8992719938913382,1.3847405348204398,0.552108417014076,0.4077,0.4665,0.5172,0.5206,0.5416,0.5409,-0.40735460162947995,0.6344658263076794,0.8538369604018444,-0.07102597268950853,0.03886666558676191,0.8992719938913382,1.3847405348204398,0.552108417014076,0.4077,0.4665,0.5172,0.5206,0.5578,0.568,-0.37056339078620787,0.6574712127401148,0.9009359688615926,-0.02300374858870005,0.026501782740053326,0.8721492143933606,1.3503771376820797,0.5273786513206588,0.4037,0.5544,0.5132,0.4868,0.5084,0.5021,-0.00244666886162076,0.9689409421751888,1.234148997317147,0.28965557033443295,-0.09976605987814871,0.7964233690235208,1.0500055029277922,0.27484296608425424,0.426,0.6018,0.5082,0.485,603011.SH
31,,,,,,,,,,,,,,,,,,,,,,,,,,,,,,,,,,,,,,,,,,,,,,,,,,,,,,,,,300589.SZ
32,,,,,,,,,,,,,,,,,,,,,,,,,,,,,,,,,,,,,,,,,,,,,,,,,,,,,,,,,300513.SZ
33,0.5324,0.6216,0.24956651835842178,1.2648101341246145,1.6491514694556157,0.572952186850964,0.4651658745535203,1.467574790074467,1.6588477206939396,0.7145199455783766,0.627,0.8739,0.5919,0.6847,0.5324,0.6216,0.24956651835842178,1.2648101341246145,1.6491514694556157,0.572952186850964,0.4651658745535203,1.467574790074467,1.6588477206939396,0.7145199455783766,0.6297,0.8919,0.5919,0.6847,0.5216,0.5495,0.09945673447731565,1.0772253281855337,1.269224776778696,0.2993052355240725,0.47577012679136343,1.4427136017368372,1.6923399545924402,0.7357284500540627,0.5703,0.7568,0.5757,0.6396,0.5659,0.6044,0.25792024704824584,1.2486062710878492,1.611557333547086,0.5476268995121768,0.5741988469329946,1.559304146621645,2.0622061426206866,0.9325858903373251,0.6125,0.7949,0.5586,0.6721,002369.SZ
34,0.4665,0.5544,0.029591836734694,1.0285714285714287,1.201068855520171,0.2370422037496818,-0.026512402627446932,0.9710736468500446,0.3470153230223073,-0.8573146035351151,0.3935,0.5341,0.4158,0.5477,0.4665,0.5544,0.029591836734694,1.0285714285714287,1.201068855520171,0.2370422037496818,-0.026512402627446932,0.9710736468500446,0.3470153230223073,-0.8573146035351151,0.3935,0.5341,0.4199,0.5612,0.4787,0.5747,0.015851595795755735,1.0144784949810541,1.6416568717100515,0.5506315452815937,0.02396723499717857,1.0204404739906843,0.3838918997716158,-0.7563553282858642,0.5091,0.6558,0.4138,0.4868,0.5184,0.6011,0.05316639813820302,1.0528195488721808,1.3811633231665028,0.37350907313993087,0.043700548939829366,1.0418168935574703,0.3993794005037438,-0.7168887004005624,0.3773,0.5003,0.4837,0.5714,002410.SZ
35,0.5589,0.542,-0.11967764938776354,0.8449481054133291,0.5519059085679988,-0.4951502126275107,0.3316086493418045,1.2311247143492183,0.7834457693953791,-0.04100254097305478,0.6301,0.5623,0.5528,0.542,0.5589,0.542,-0.11967764938776354,0.8449481054133291,0.5519059085679988,-0.4951502126275107,0.3316086493418045,1.2311247143492183,0.7834457693953791,-0.04100254097305478,0.6382,0.5894,0.5528,0.542,0.5163,0.5827,-0.10120141083088499,0.8646149807928324,0.6432321605083084,-0.3368513525528839,0.15637079486766026,1.055428582933223,0.5512676702243865,-0.3914782499213431,0.5285,0.4878,0.5549,0.6301,0.5184,0.6074,0.05048700011449933,1.012318237930164,0.9231439149222281,0.015572103637593065,0.12540231256848888,1.0341448145062817,0.5182312185406822,-0.4534152145196858,0.543,0.5191,0.5405,0.6306,300303.SZ
36,0.5375,0.568,-0.13578633063652498,0.854931561740253,1.0674344046012714,0.09328056783750635,-0.09445409886730494,0.8403453266095375,0.8830993569102581,-0.03042993774230872,0.5903,0.6897,0.5355,0.5544,0.5396,0.5882,-0.11734720494709383,0.8658819813591716,1.057007566721573,0.08974385557373915,-0.18607015014889008,0.7692255970847249,0.7351335799970731,-0.21366204030547895,0.5842,0.6761,0.5314,0.5409,0.5396,0.5274,-0.21201488898877657,0.7895810677353344,0.9766745166523372,0.0073156391099925,-0.03305942338540538,0.8935011817411169,0.9984156490000182,0.09235941322149034,0.4909,0.5139,0.5112,0.5815,0.521,0.5602,-0.27499299045049636,0.7370407330194361,0.781387615282722,-0.20579061776883842,-0.15934277784639075,0.797595220866803,0.775576891023687,-0.16020729570048042,0.593,0.6817,0.5682,0.6818,600879.SH
37,,,,,,,,,,,,,,,,,,,,,,,,,,,,,,,,,,,,,,,,,,,,,,,,,,,,,,,,,603050.SH
38,0.574,0.595,0.9503803098039976,2.3999182742021703,3.814065249593475,1.432654632763335,1.816604940642046,5.1245449134014445,23.01672880260624,3.380895994958934,0.6126,0.6694,0.5456,0.5139,0.5761,0.595,0.9503803098039976,2.3999182742021703,3.814065249593475,1.432654632763335,1.816604940642046,5.1245449134014445,23.01672880260624,3.380895994958934,0.6126,0.6694,0.5456,0.5139,0.572,0.6558,0.6772135895108673,1.871876383327232,3.6372314044364544,1.371910741029608,1.572020372864483,4.098850158079743,14.104793527056339,2.891726859403809,0.5943,0.7235,0.5761,0.6423,0.5694,0.619,-0.04244904922420552,0.9162720633771844,1.550732198511027,0.5062460247612348,1.3173020547112504,3.1132393490618258,8.473293915597747,2.3822902230973435,0.4949,0.6153,0.5314,0.6897,300191.SZ
39,0.5375,0.5206,0.0458117471585871,1.0183904571837532,1.1896068340193833,0.2146031284497507,0.01737051177378468,0.9127983846699406,1.1801853388075474,0.32202196801127364,0.4706,0.4327,0.4909,0.5003,0.5355,0.5206,0.0458117471585871,1.0183904571837532,1.1896068340193833,0.2146031284497507,0.01737051177378468,0.9127983846699406,1.1801853388075474,0.32202196801127364,0.4706,0.4327,0.4909,0.5003,0.5294,0.568,0.34669088249424995,1.374249728669117,1.6152413467068312,0.521080083464156,-0.07540450281597066,0.8254304761069122,0.9802457132903238,0.1364719388317629,0.4888,0.6153,0.497,0.5544,0.5032,0.533,0.0,1.0,1.5842934667238318,0.5073168191297392,0.0,1.0,1.1393318973625024,0.2872809444637041,0.5348,0.6352,0.501,0.543,002615.SZ
40,0.4888,0.5815,-0.10267885455010027,0.878474987279462,1.5112753065324027,0.5227729458541688,-0.0017334759382075238,0.9149122992512776,0.7183119235560823,-0.05683501997049706,0.568,0.6153,0.5517,0.6491,0.4868,0.5341,-0.3893671255753567,0.6636051287620472,1.1596347852949984,0.26487672664308815,-0.19289357601980991,0.7651071993233074,0.4894331940617114,-0.439155220133702,0.568,0.6153,0.5619,0.7032,0.5335,0.5477,-0.34723895940239835,0.6880965475953259,0.7154084957421388,-0.209202453723528,-0.07440151978911724,0.856336730645715,0.6203847755273323,-0.20217110767231644,0.6856,0.5409,0.5456,0.6018,0.5064,0.5461,0.26733451582521967,1.2398922246730482,1.3266567806790217,0.3802201103412173,-0.17980938052755457,0.7208281682593259,0.5017539132952983,-0.4129868291491914,0.5092,0.5227,0.5331,0.5647,600235.SH
41,0.5497,0.5458,-0.011542666283442637,0.9699866855526147,1.1717377463358405,0.185308303184816,-0.0032098022030677756,0.9308858797174276,1.2245243564317736,0.28484350077797493,0.5634,0.4483,0.5497,0.5588,0.5497,0.5458,-0.011542666283442637,0.9699866855526147,1.1717377463358405,0.185308303184816,-0.0032098022030677756,0.9308858797174276,1.2245243564317736,0.28484350077797493,0.5634,0.4483,0.5439,0.5848,0.5673,0.5653,-0.11998429774534328,0.8710626499137136,1.0624647096887054,0.08646469032079732,0.07841848350694253,1.0072994442971197,1.4419233573299965,0.4481000721979956,0.5263,0.5198,0.5653,0.6433,0.5086,0.4936,-0.18996125308000752,0.8061493209174101,0.8061493209174101,-0.18996125308000752,-0.2912631051841104,0.6877637130801681,0.6877637130801681,-0.2912631051841104,0.4418,0.6377,0.5081,0.4386,600780.SH
42,,,,,,,,,,,,,,,,,,,,,,,,,,,,,,,,,,,,,,,,,,,,,,,,,,,,,,,,,300788.SZ
43,0.5051,0.5544,-0.025129019564159,0.9635397776648259,1.2243080275972351,0.2304219164415074,-0.07225558477696295,0.882652282754234,1.2837292676998222,0.3332409095985432,0.4767,0.595,0.4604,0.5206,0.5071,0.5747,-0.01731878772039698,0.9702484104731601,1.1811157533124572,0.1949063226511518,-0.13439770657663141,0.8300845119486522,1.1336678901892805,0.20895666599920615,0.4767,0.622,0.4848,0.4665,0.5538,0.5206,-0.0060628537460912235,0.9857316643078738,1.5392847544939963,0.46812664996420517,-0.058784528256070834,0.912859180636367,1.3194012886841173,0.3601830226403275,0.503,0.5003,0.5477,0.5882,0.5175,0.5482,-0.05927490903630725,0.9364236699562274,1.4648001575982572,0.4227563364022928,-0.1442769915317453,0.8463725563281435,1.1118903702548382,0.18919809608897847,0.616,0.7118,0.5062,0.4821,000959.SZ
44,0.5071,0.5544,-0.1398651531307897,0.8554465563970447,1.014986304316638,0.03605296081814746,-0.1362762852298378,0.8167835228283135,0.8451011550680829,-0.0924058034244657,0.4483,0.5071,0.4929,0.453,0.5071,0.5544,-0.1398651531307897,0.8554465563970447,1.014986304316638,0.03605296081814746,-0.1362762852298378,0.8167835228283135,0.8451011550680829,-0.0924058034244657,0.4483,0.5071,0.501,0.4395,0.5172,0.5544,-0.09952107775109226,0.8900350753145189,0.9151485975195875,-0.0631070301520927,-0.22825784613551364,0.7479906138127739,0.7030682534354428,-0.2763689252358175,0.5172,0.4327,0.503,0.5409,0.4943,0.5645,0.12294516441539574,1.1268584520388683,1.2620460864005387,0.2515080936272834,-0.0884863579267946,0.9034555711952026,0.93031369122186,0.003174051181620674,0.5941,0.6346,0.5697,0.6148,600252.SH
45,,,,,,,,,,,,,,,,,,,,,,,,,,,,,,,,,,,,,,,,,,,,,,,,,,,,,,,,,300594.SZ
46,0.5355,0.5477,-0.1779690434270655,0.8188196866828632,0.8865439353971427,-0.09178526460084152,-0.011491231372859179,0.91259361185882,0.7886165234807749,-0.12426478333463542,0.5456,0.6018,0.5375,0.595,0.5375,0.5477,-0.1779690434270655,0.8188196866828632,0.8865439353971427,-0.09178526460084152,-0.011491231372859179,0.91259361185882,0.7886165234807749,-0.12426478333463542,0.5456,0.595,0.5375,0.595,0.5193,0.5409,-0.1416931342754476,0.849678540708515,0.7854343743812928,-0.20251780873245703,-0.07067176658758006,0.8660964483212586,0.7005588898148727,-0.2426258537640772,0.6024,0.5747,0.5639,0.5815,0.5074,0.5074,0.11548598045398026,1.096958726563621,1.1529359571794906,0.16884719830372039,0.040553822804725914,0.9477653401479829,0.8762071737303301,-0.02017467497946543,0.5294,0.8384,0.5102,0.5986,600742.SH
47,,,,,,,,,,,,,,,,,,,,,,,,,,,,,,,,,,,,,,,,,,,,,,,,,,,,,,,,,300807.SZ
48,0.501,0.5206,-0.1978916582706928,0.7845465516444402,0.8013013576577117,-0.1503489806347394,0.0615199259209189,0.9174377301193456,0.5794157303778734,-0.30232579453236574,0.5619,0.3313,0.4848,0.5003,0.501,0.5206,-0.1978916582706928,0.7845465516444402,0.8013013576577117,-0.1503489806347394,0.0615199259209189,0.9174377301193456,0.5794157303778734,-0.30232579453236574,0.5517,0.3719,0.4848,0.5003,0.5051,0.5071,-0.0610518479226282,0.911707721160522,0.885482982482508,-0.06474244712071361,-0.08692604001249732,0.7846640042526243,0.4302624254272061,-0.5992177263991983,0.4381,0.6356,0.5152,0.4665,0.4755,0.5646,0.07839253909076058,1.069804735461685,0.8007334716805846,-0.1540002387846948,-0.4932167630543255,0.5823786800525776,0.1906368576214664,-1.411799172482855,0.5041,0.3726,0.4969,0.4277,002268.SZ
49,0.5068,0.4338,-0.46090384663389977,0.6056165915762209,0.6768122770079512,-0.2926646422643442,-0.13336103033638932,0.7718632689880136,1.1436172990697147,0.38375904268340794,0.4475,0.5479,0.4977,0.5175,0.5068,0.4338,-0.46090384663389977,0.6056165915762209,0.6768122770079512,-0.2926646422643442,-0.13336103033638932,0.7718632689880136,1.1436172990697147,0.38375904268340794,0.4475,0.5479,0.4977,0.5175,0.5068,0.449,-0.36797422546161573,0.663156372473836,0.7835688046825122,-0.14089232552518716,-0.12958175817885936,0.7821875982988868,1.151611288788267,0.3913175869984679,0.4087,0.586,0.5365,0.6012,0.524,0.5288,-0.42177246922406864,0.6277718194040678,0.8492639920967271,-0.057024947998480874,0.10968101768798079,0.999739095653338,1.8588920947169418,0.8698431387321481,0.5161,0.3135,0.536,0.5182,002662.SZ
50,,,,,,,,,,,,,,,,,,,,,,,,,,,,,,,,,,,,,,,,,,,,,,,,,,,,,,,,,002949.SZ
51,0.4633,0.601,0.027401561461587558,1.0005852982730792,1.2575071791054295,0.313226559421073,-0.3633270432166031,0.6372704788364002,0.37708763687000973,-0.7581088836644388,0.4612,0.6569,0.4612,0.5101,0.4633,0.601,0.027401561461587558,1.0005852982730792,1.2575071791054295,0.313226559421073,-0.3633270432166031,0.6372704788364002,0.37708763687000973,-0.7581088836644388,0.4591,0.6499,0.4612,0.5101,0.4717,0.559,0.15902604796182274,1.1513145381416738,1.2038267318733915,0.27005571886640173,-0.1846776002020435,0.7680329226164487,0.5387118674322079,-0.4008099976353196,0.4633,0.608,0.5157,0.4752,0.5235,0.5769,-0.004518300178657703,0.9773937066699775,1.2359744678033775,0.2940819395578536,0.011538376529332428,0.9413009682302033,0.7987118250506414,-0.008378044172567795,0.5462,0.5882,0.4885,0.5241,002205.SZ
52,0.5558,0.6626,0.2270448541042303,1.2266691528519955,1.7049785069544745,0.5761378047629989,0.10801666917080421,0.992102807408421,1.0237120316130652,0.18869929174059374,0.5619,0.4801,0.5477,0.6897,0.5578,0.6626,0.2270448541042303,1.2266691528519955,1.7049785069544745,0.5761378047629989,0.10801666917080421,0.992102807408421,1.0237120316130652,0.18869929174059374,0.5578,0.4868,0.5477,0.6897,0.5538,0.6356,-0.1781712279360076,0.8074445513511982,0.8068464487488146,-0.15043665039019521,0.06350109241164187,0.9564241829418744,0.936059296720999,0.09966813822226889,0.568,0.5003,0.5984,0.6829,0.5548,0.5878,0.38012630632606775,1.4105764229526756,1.3478987532197124,0.366001175537549,0.13531853612955663,1.022905948279842,1.0805768157840718,0.2433030256580983,0.411,0.4499,0.5124,0.574,601208.SH
53,0.5416,0.5747,0.04613743668596029,0.9946189678506552,0.755856692486025,-0.18685013620977048,-0.019498416500889793,0.8422988431427635,0.7280949337669615,-0.09596519423284766,0.4848,0.4395,0.5517,0.5206,0.5355,0.5612,-0.041787235380411736,0.9125301603349689,0.6245206819749057,-0.3754751542346257,-0.11366398297503932,0.7702319564218145,0.6030059548523548,-0.2842963271811467,0.4746,0.4801,0.5517,0.5003,0.5477,0.595,0.32884648922614707,1.3309079191339648,1.0800628807776664,0.1593000597820779,0.06686686776166406,0.921729644131881,0.8657942910643027,0.07676537429225994,0.4422,0.4192,0.5172,0.6085,0.5602,0.5671,0.22065451686926782,1.2046430321670938,0.874488636325476,-0.043577242932951385,0.4452690612243838,1.401906957343316,1.845734971062765,0.8335697612176995,0.5935,0.6911,0.5255,0.516,000050.SZ
54,0.5659,0.5612,0.024836805585607552,1.000792531482314,0.9926307958334921,0.05063441880317815,0.4171850029904357,1.3842819180791677,1.5687337918078486,0.6157494599483766,0.5558,0.5882,0.5193,0.5544,0.5659,0.5612,0.024836805585607552,1.000792531482314,0.9926307958334921,0.05063441880317815,0.4171850029904357,1.3842819180791677,1.5687337918078486,0.6157494599483766,0.5619,0.5815,0.5294,0.5612,0.5274,0.5071,0.03210179167347918,1.0122408279378936,1.122465474557709,0.18216608439669746,0.4278710958567311,1.4152208832719118,1.6029339131531737,0.6371216456809676,0.4828,0.5341,0.5193,0.5003,0.4895,0.5091,-0.061896045261006984,0.9209466627037183,0.928947166006637,-0.019451821856303453,0.1299002096019585,1.0340244236994267,0.8833486016781789,0.04117987317142241,0.574,0.5003,0.499,0.5223,600883.SH
55,,,,,,,,,,,,,,,,,,,,,,,,,,,,,,,,,,,,,,,,,,,,,,,,,,,,,,,,,300658.SZ
56,0.5673,0.6349,-0.06254382355619698,0.9046582692194733,1.1300616126381697,0.21502991766395452,0.19099612773362173,1.0818327908750716,1.1812811974042372,0.3787855868214177,0.5694,0.766,0.5466,0.6556,0.5694,0.6418,0.03274049584101674,0.9932436955625091,1.2686663513137995,0.33010256963293433,0.17976263761426464,1.0651756702493382,1.1546352997490466,0.35631860658270353,0.5694,0.766,0.5466,0.6556,0.5549,0.6556,0.07335960853611209,1.0344134389754365,1.4022816339449655,0.4275028383049921,0.24046470626410893,1.1393992568735345,1.3040426228113677,0.4777227438823921,0.5445,0.7798,0.5259,0.6073,0.5391,0.5725,-0.3063774701586126,0.7052287631301349,0.952230856725923,0.03500299583085442,-0.058543085217224844,0.8395098300077917,0.7166469610051769,-0.12029283908027535,0.5136,0.6472,0.5094,0.5498,002560.SZ
57,0.4948,0.4574,-0.4797900799052618,0.5957938638173209,0.5017767961773939,-0.617391302968487,-0.5933277130207417,0.4676481629696014,0.5028968783925344,-0.42927400928747106,0.4407,0.3534,0.5218,0.5336,0.4948,0.4574,-0.4797900799052618,0.5957938638173209,0.5017767961773939,-0.617391302968487,-0.5933277130207417,0.4676481629696014,0.5028968783925344,-0.42927400928747106,0.4324,0.3673,0.5218,0.5336,0.5301,0.5544,-0.3761268474046711,0.6689849978823306,0.4976014070933381,-0.6069609594321148,-0.892299149749654,0.3639166431748807,0.27637563975211543,-1.0272168827452959,0.4574,0.3881,0.4969,0.5267,0.5021,0.5271,-0.08281310712802059,0.8616585385756487,0.8393047840555914,-0.08354860819004606,-0.7177572531001952,0.4052079162434774,0.3926653335481601,-0.6781330894463786,0.478,0.2516,0.4874,0.4324,600525.SH
58,0.561,0.6233,0.5314377181564032,1.6266316292150227,1.9968810735214677,0.7521071009888212,0.44181352336286245,1.3705274650715136,1.8095489555148105,0.7573951866109159,0.687,0.7791,0.5793,0.7453,0.561,0.6233,0.5314377181564032,1.6266316292150227,1.9968810735214677,0.7521071009888212,0.44181352336286245,1.3705274650715136,1.8095489555148105,0.7573951866109159,0.689,0.7791,0.5793,0.7385,0.5813,0.6165,0.2696792497835425,1.2537669772396232,1.6903200858137535,0.5865684551541456,0.6264579111816815,1.6558372468976057,2.618211571123303,1.1266839622485538,0.6159,0.6165,0.6179,0.8062,0.5646,0.6667,0.16447749184893512,1.140115137158023,1.5925271253653326,0.5137607616587686,0.5014653562640998,1.4752407808350376,2.0394074982195836,0.8766988524133905,0.498,0.4508,0.543,0.5943,002724.SZ
59,0.5071,0.5139,-0.4194560165895281,0.6320837552493878,0.6644767870420221,-0.2822966211349853,-0.23846051557865988,0.7224131084727186,0.3484010756491138,-0.7819560443112313,0.5294,0.6626,0.5781,0.5882,0.5071,0.5139,-0.4194560165895281,0.6320837552493878,0.6644767870420221,-0.2822966211349853,-0.23846051557865988,0.7224131084727186,0.3484010756491138,-0.7819560443112313,0.5294,0.6626,0.5781,0.5882,0.4807,0.5071,-0.1390717800741561,0.8567463539170695,0.6957931659740111,-0.2604829140755005,-0.6005590897473164,0.5133242040426648,0.16869454238726647,-1.5061531926485445,0.5051,0.6897,0.5619,0.6085,0.4857,0.0,0.0,1.0,1.0,0.0,0.0,1.0,0.5625304840568895,-0.30503501315391146,0.5314,0.0,0.5175,0.0,300404.SZ
60,0.5436,0.5815,-0.06859633888867281,0.9164793168729033,0.876662481740635,-0.09174411923189582,-0.4928613678681748,0.5662365905113484,0.45587500733020914,-0.6690551483482536,0.5943,0.6897,0.5112,0.5409,0.5436,0.5815,-0.06859633888867281,0.9164793168729033,0.876662481740635,-0.09174411923189582,-0.4928613678681748,0.5662365905113484,0.45587500733020914,-0.6690551483482536,0.6024,0.7437,0.5132,0.5815,0.5578,0.5544,-0.3218862389501012,0.7024149256863108,0.9113010709107685,-0.03887787205043014,-0.36992773696960896,0.6416952526036774,0.5831748124480102,-0.42318788655112194,0.568,0.6558,0.5659,0.6423,0.518,0.5779,0.08221474381606703,1.0544764504706343,1.2815977127628715,0.2930961961152085,-0.3382582660049751,0.6538871861749397,0.6212177907535193,-0.35984894462185424,0.4949,0.4635,0.5021,0.6061,600292.SH
61,0.4834,0.5003,-0.04522458243476536,0.9329818805657476,0.7592203663281039,-0.15793158654305012,-0.424657315524691,0.595892405143358,0.33293462293644055,-0.815928198894793,0.577,0.7797,0.5322,0.5978,0.4815,0.4938,-0.15268753306875954,0.8449416969558774,0.7216126099174771,-0.21227521028134794,-0.2724760831408228,0.6918035043820349,0.45170948698212954,-0.5115657341270562,0.5692,0.7407,0.5302,0.5978,0.5029,0.5783,-0.03257809582588943,0.9436305621140724,0.8855865054020424,-0.01571196869115478,-0.3163113815654868,0.646681175495295,0.41367196816867546,-0.5992363309763846,0.5302,0.6303,0.5244,0.5913,0.5412,0.6103,0.03739542011660804,0.9940799540169267,1.4961334206744987,0.4957873869169371,-0.048859541839422274,0.8210536615621677,0.7073734252197388,-0.06433265152425527,0.6784,0.8301,0.561,0.6365,000917.SZ
62,,,,,,,,,,,,,,,,,,,,,,,,,,,,,,,,,,,,,,,,,,,,,,,,,,,,,,,,,603685.SH
63,,,,,,,,,,,,,,,,,,,,,,,,,,,,,,,,,,,,,,,,,,,,,,,,,,,,,,,,,603738.SH
64,,,,,,,,,,,,,,,,,,,,,,,,,,,,,,,,,,,,,,,,,,,,,,,,,,,,,,,,,688018.SH
65,0.5335,0.568,0.07536566763303865,1.0598291549331482,1.2561079183247934,0.3132700727797126,0.17805847084949372,1.1169651686220652,1.1174062373107916,0.32402321300953385,0.5314,0.5071,0.499,0.5409,0.5396,0.5409,-0.13728907416932984,0.8636978927481747,0.9511731177038318,0.03340228153900138,0.08651737834371845,1.039104016508587,0.9303342006971052,0.1409410279979832,0.5294,0.4733,0.501,0.568,0.5274,0.5071,-0.017118698722363716,0.9743752097747144,0.8672199282150876,-0.05552453083900971,0.19413219226273937,1.182918208298271,1.1543334921990926,0.35617065583602536,0.5761,0.7437,0.5193,0.5409,0.4866,0.5842,0.14017357883465206,1.1376727763721597,1.6162094279590216,0.562542414435224,-0.3157329146317073,0.6841266791231664,0.4155187521357986,-0.6635595579528679,0.4888,0.4345,0.5092,0.4908,002149.SZ
66,0.5497,0.622,0.09040631924073653,1.0625595418909357,1.1736122131268387,0.20967845317298334,0.16975878676817246,1.0805042502569335,1.3806649726654452,0.4648951696398317,0.4665,0.4598,0.5172,0.5139,0.5497,0.622,0.09040631924073653,1.0625595418909357,1.1736122131268387,0.20967845317298334,0.16975878676817246,1.0805042502569335,1.3806649726654452,0.4648951696398317,0.4665,0.4598,0.5193,0.5206,0.5335,0.6153,0.18263198600253377,1.1666689520062192,1.3166963971434626,0.3224075304395042,0.2731955232436373,1.1895728459115902,1.6990032524128578,0.6717686425907615,0.4828,0.6153,0.5477,0.568,0.5653,0.5567,-0.038650894349242515,0.9352583677517136,0.8996187910597179,-0.04096406432253445,0.381985219473895,1.3534038910942763,2.111515419603004,0.8893480350512774,0.4888,0.7264,0.4855,0.6432,300318.SZ
67,0.5414,0.552,0.00854107369273191,0.9931329921492533,1.1173727545895153,0.1541606512902582,0.12977345328660683,1.0820108087583722,1.5963064828181734,0.5959504782518917,0.6815,0.4883,0.482,0.5803,0.5563,0.5874,0.09123234712141211,1.0710287152978024,1.3058110125878108,0.31072521256797114,0.356266696634153,1.325860850870077,2.5127085413681165,1.0489369649469837,0.6815,0.4883,0.482,0.5803,0.5499,0.5874,0.3504392336853647,1.394398509769599,1.4457110730405673,0.41041107172652697,-0.0511168967835537,0.8877611709509649,1.111538355540974,0.2341697781115703,0.6688,0.4742,0.4841,0.5237,0.5046,0.5607,0.2796381742912125,1.2956389828176773,1.4761275987142473,0.42166668753031183,-0.23734692764939247,0.7096780175688187,0.7658818444591478,-0.13829028362010717,0.4829,0.7123,0.4913,0.6041,000737.SZ
68,0.5517,0.5523,-0.02196847387162816,0.9629102834541943,1.1998121031558013,0.2097841897935605,0.19429164963629247,1.0936331934662302,1.135110891812933,0.27419969156249996,0.6647,0.6303,0.5634,0.5263,0.5458,0.5393,-0.062968458851328,0.924527018119676,1.0892312658008607,0.11544994306277175,0.05234846787328745,0.9537547633832691,0.8541686341318535,-0.009686671963510252,0.6101,0.6108,0.5634,0.5263,0.5536,0.5978,-0.1627940425145205,0.8312251588129524,0.8932166979063914,-0.07516125432144163,0.04973936483647512,0.9582868464123012,0.8496479112102877,-0.014904878037134861,0.7076,0.7407,0.5712,0.5653,0.5042,0.5649,0.31061598110198546,1.3290942559208894,1.612974607703512,0.520936752761996,0.3617354413330731,1.33949922032149,1.588007627747007,0.6090872749560613,0.6364,0.8366,0.568,0.7099,600063.SH
69,0.4807,0.5477,-0.34330514602145284,0.6841406065064595,0.9534793671788543,0.02541666025507479,-0.22969638485354849,0.7073043353811983,0.5053764252050444,-0.49344958143153267,0.4544,0.3584,0.4828,0.5612,0.4807,0.5477,-0.34330514602145284,0.6841406065064595,0.9534793671788543,0.02541666025507479,-0.22969638485354849,0.7073043353811983,0.5053764252050444,-0.49344958143153267,0.4584,0.3719,0.4828,0.5612,0.497,0.5003,-0.0610302981014004,0.9134061776025855,1.2011484181844314,0.2473218928498131,-0.13622300441528412,0.7820494536964918,0.6089842491942697,-0.3065028205550037,0.4665,0.5815,0.5091,0.5612,0.5277,0.539,-0.03870127688254718,0.9291244642487525,0.9606454910881637,0.04881621931800561,-0.13164174621370514,0.8000702541987119,0.6145240868199542,-0.2973403041518455,0.6308,0.6761,0.5481,0.7089,000918.SZ
70,0.5538,0.5882,0.06898834437468598,1.053012368173537,1.2988121220353115,0.30354960050660024,0.14986114312809284,1.076593011971618,1.4700840482019693,0.5134086862777271,0.5294,0.6558,0.5375,0.5274,0.5538,0.5882,0.06898834437468598,1.053012368173537,1.2988121220353115,0.30354960050660024,0.14986114312809284,1.076593011971618,1.4700840482019693,0.5134086862777271,0.5152,0.6626,0.5335,0.5544,0.5355,0.6356,0.12133541403804218,1.1122833639895275,1.3947161063844067,0.3745391049915047,0.18946100669583313,1.1249137094728796,1.5917565623086973,0.5926084134132074,0.5172,0.5612,0.5193,0.5139,0.5391,0.6202,0.2472239770611392,1.254101435107271,1.8204229536219905,0.6340885833995337,0.1746284107675422,1.0724086257697598,1.544271484368923,0.5629432215566258,0.449,0.6259,0.5434,0.6267,600444.SH
71,0.5274,0.5206,-0.5144300910213403,0.5783742878340681,0.6946506042933948,-0.2669099397714764,-0.5408107351904345,0.5207459686239874,0.2815034660662701,-0.957100988950184,0.574,0.6288,0.5233,0.5409,0.5274,0.5206,-0.5144300910213403,0.5783742878340681,0.6946506042933948,-0.2669099397714764,-0.5408107351904345,0.5207459686239874,0.2815034660662701,-0.957100988950184,0.574,0.6288,0.5254,0.5612,0.5294,0.6085,-0.319519290149648,0.7118222697000862,1.0635695678337265,0.15375782944050942,-0.7524441792848995,0.4392684454238456,0.18431523618256976,-1.380367877139113,0.5659,0.5882,0.5375,0.6423,0.4874,0.5021,-0.280139844758823,0.7371801514807482,0.7678268918445125,-0.1707799846988515,-0.3808427769010668,0.6092700847719694,0.38827510468295295,-0.6371650723714486,0.6551,0.8231,0.5298,0.6845,002231.SZ
72,0.5233,0.4868,0.08740642825591738,1.0850024549495705,1.032295437079984,0.06265810460025639,0.34300552596209627,1.3753808327027472,1.3004240090833774,0.40189587250520514,0.7201,0.8114,0.5781,0.7032,0.5233,0.4868,0.08740642825591738,1.0850024549495705,1.032295437079984,0.06265810460025639,0.34300552596209627,1.3753808327027472,1.3004240090833774,0.40189587250520514,0.7241,0.8249,0.5781,0.7032,0.5355,0.568,0.13053325533810733,1.109382185485929,1.6001821231234004,0.5109701557714643,0.638040954872568,1.7542398843313052,2.3504384353440253,0.9919667303261486,0.6552,0.7978,0.5984,0.7032,0.5196,0.5773,0.12511144521291215,1.1202869380622646,1.2295743961505403,0.23340228417975054,0.269366203559704,1.2206661453489136,1.1226015039008956,0.25461722770042045,0.6247,0.8452,0.554,0.6721,601688.SH
73,,,,,,,,,,,,,,,,,,,,,,,,,,,,,,,,,,,,,,,,,,,,,,,,,,,,,,,,,600399.SH
74,0.5314,0.5882,0.05030799513453513,1.0322057958401905,1.0607610835204537,0.08266131369232467,-0.26648270783557415,0.700282612379804,0.8447421591963576,-0.0649266602543373,0.3976,0.2299,0.499,0.5071,0.5274,0.6288,0.17036136795894896,1.1676749448665047,1.2397168796365585,0.233473579106703,-0.2527676930005433,0.7087416943901791,0.868311192042634,-0.03749663058427556,0.3976,0.2164,0.4767,0.4395,0.5497,0.568,0.10677447789302219,1.0898590534065415,1.35305884761187,0.33530948215142514,-0.1024656801554405,0.8393940949857377,1.1737398960381795,0.26310739510593006,0.4462,0.5071,0.5112,0.5206,0.5508,0.5508,0.005203741560061009,0.9772248415414166,1.1504517448242162,0.18141677531522923,0.09754643077847888,1.027609002309314,1.7513253646794644,0.6631316169737687,0.4361,0.4801,0.5269,0.6198,600125.SH
75,0.5213,0.5882,0.23203196353969185,1.2334109471106465,1.1862054633968113,0.22617929799731784,-0.21176455361478302,0.7533583774038357,0.6685402543725396,-0.25689705792340967,0.5943,0.4801,0.572,0.6964,0.5233,0.5341,0.009195207661341687,0.9869436037703841,0.9527931846840354,-0.0012443274711572971,-0.3220951478994407,0.6716438827104761,0.5361602124257627,-0.47755824649272516,0.572,0.5003,0.5781,0.7302,0.5112,0.5341,0.019479429716872526,0.9971008829137525,0.9149252365169952,-0.03513731785927238,-0.31267742110240493,0.6804927707152348,0.546642134216726,-0.4587227928986535,0.6592,0.6288,0.572,0.6423,0.5153,0.5386,-0.13844951864372393,0.8567508435708766,0.9677645599042365,0.014487235344642899,-0.20973510499174292,0.7578883987095858,0.6712315838913377,-0.25283816067732956,0.6351,0.7973,0.6072,0.6582,000005.SZ
76,0.568,0.5747,0.06758179472118597,1.0457487446984166,1.0157878047765705,0.050606811830910856,0.20732468363807716,1.1268564629938134,0.7562289659976484,-0.1556093374341145,0.6471,0.6694,0.5598,0.5747,0.568,0.5747,0.06758179472118597,1.0457487446984166,1.0157878047765705,0.050606811830910856,0.20732468363807716,1.1268564629938134,0.7562289659976484,-0.1556093374341145,0.6531,0.6153,0.5598,0.5815,0.5842,0.6356,0.13709742724823437,1.1280544423580456,1.100506622524523,0.1277895332841491,0.3236969151392678,1.2921837197195307,0.9544314075468544,0.07713512556826715,0.6085,0.6356,0.5416,0.6085,0.501,0.559,-0.0696651549155562,0.920374582818218,0.7876223336363267,-0.20249324907150373,0.12142351580561395,1.0847850486272637,0.6371729110043743,-0.32741167309904085,0.628,0.7656,0.5196,0.543,600580.SH
77,0.5274,0.5815,-0.20667722920426762,0.7977190289123535,0.7452595771703452,-0.25474964862525895,-0.3137640616942795,0.683597379532275,0.5917324718766713,-0.4201117485900572,0.5213,0.4868,0.5152,0.5071,0.5274,0.568,-0.25688592591250653,0.7589672068150678,0.7453212389453108,-0.25982222506973773,-0.2557991302595012,0.7232372362781881,0.6645005854418438,-0.30418188572050053,0.4909,0.453,0.5233,0.5341,0.5213,0.5341,0.11781219026001588,1.1056829034536577,1.0599704345313965,0.09652384113917761,-0.14770843286955865,0.8066131855991685,0.8248966211566054,-0.08800049094061542,0.4706,0.4868,0.5335,0.5882,0.5195,0.5772,0.15481532723927371,1.1517182963513688,1.2612127233852684,0.27958611257743793,0.15785992628195816,1.1357149572439018,1.521635883793567,0.5231362273624183,0.5367,0.449,0.5051,0.5681,600561.SH
78,0.5049,0.5263,-0.2941219367748948,0.7089099359934657,0.6782233513608789,-0.3003909654469966,0.48957441575218746,1.3988444362427097,1.0831201081443342,0.34210269464868204,0.5185,0.5588,0.5283,0.5653,0.5049,0.5263,-0.2941219367748948,0.7089099359934657,0.6782233513608789,-0.3003909654469966,0.48957441575218746,1.3988444362427097,1.0831201081443342,0.34210269464868204,0.5185,0.5588,0.5283,0.5653,0.5419,0.5393,-0.08681565901940426,0.8689113473197083,0.7396406686504678,-0.21799456808736264,0.7029721878417597,1.7098507930554376,1.6620658714546943,0.7688982388278265,0.5263,0.5978,0.5166,0.5458,0.5471,0.5556,-0.056448241592288284,0.8959745478834773,0.8024892557755122,-0.12135125706188875,0.6003516098879841,1.5693220145497877,1.3515991287591722,0.5636570829202754,0.3957,0.4159,0.5898,0.625,603026.SH
79,0.5274,0.5815,-0.1783662514531901,0.8172323147986291,0.9560549839044168,-0.014731922718925441,-0.171627977702967,0.7733072623275375,0.9439652045436067,0.03982084364626509,0.5051,0.3922,0.5375,0.5003,0.5274,0.5815,-0.1783662514531901,0.8172323147986291,0.9560549839044168,-0.014731922718925441,-0.171627977702967,0.7733072623275375,0.9439652045436067,0.03982084364626509,0.5152,0.3922,0.5375,0.5003,0.5335,0.5612,-0.24405999293385694,0.7595143082440278,0.8104911150985579,-0.17429864735402967,-0.06654688999657621,0.8666039094473825,1.1654917263725724,0.2499830190590467,0.4746,0.3448,0.5314,0.5003,0.5078,0.5322,0.05646947267742737,1.042849571147455,1.0708888828854526,0.09587155083347523,-0.11781628826366772,0.8326478029116484,1.0511367094875617,0.14744422252486367,0.3822,0.365,0.5084,0.523,601666.SH
80,0.5029,0.5718,-0.2869488306037073,0.7345174029257537,0.6817597577999581,-0.3318862369428555,-0.5455336977236485,0.530581116794602,0.48348223118596345,-0.5431086534495162,0.4698,0.5523,0.5127,0.5068,0.5029,0.5718,-0.2869488306037073,0.7345174029257537,0.6817597577999581,-0.3318862369428555,-0.5455336977236485,0.530581116794602,0.48348223118596345,-0.5431086534495162,0.4698,0.5523,0.5127,0.5068,0.5146,0.5328,-0.10832314699280296,0.8728104086559126,0.7118152201322452,-0.2907623255145697,-0.6510794896280822,0.46329153695060915,0.39142337171873776,-0.7542002372583837,0.5088,0.5588,0.5205,0.5718,0.4661,0.4648,-0.12863958756903462,0.8655979744254038,0.6921436083025896,-0.2898636830543203,-0.3398395037484584,0.6838973597091383,0.7307770810472834,-0.1317202654991362,0.6589,0.7602,0.4911,0.4109,002712.SZ
81,0.5051,0.5341,-0.007173432458486298,0.9453761149605235,1.2887341418919367,0.3439762594321619,0.41574321554923155,1.2964974629526975,0.7213408349208106,-0.031059939613388488,0.5903,0.7776,0.5071,0.5612,0.5132,0.5003,-0.15167751656806633,0.8180616475109426,0.8550188475298991,-0.06508963256472262,0.5210780849170766,1.4330518446049454,0.890262029419766,0.17960979912230146,0.5903,0.7776,0.5112,0.5409,0.5132,0.5139,0.05475856746897387,1.0134192908592683,1.3257641364387547,0.3696035161274439,0.38052603093659715,1.2443364323738382,0.6722202940731261,-0.10149430883865715,0.5943,0.764,0.5254,0.5882,0.5412,0.5556,0.037949503245698804,1.014780879621886,0.8573765700204031,-0.04913673387127532,0.3614197562258744,1.3020006457237177,0.6466753995960379,-0.13970685826010293,0.558,0.6517,0.5265,0.619,600640.SH
82,,,,,,,,,,,,,,,,,,,,,,,,,,,,,,,,,,,,,,,,,,,,,,,,,,,,,,,,,688099.SH
83,0.4741,0.4693,-0.015042772184861497,0.9506953822237757,1.3917014303027426,0.39930757458506294,0.41552777270017754,1.3530317760256394,1.6445002651204816,0.686540956913014,0.5093,0.5176,0.47,0.5383,0.4741,0.4693,-0.015042772184861497,0.9506953822237757,1.3917014303027426,0.39930757458506294,0.41552777270017754,1.3530317760256394,1.6445002651204816,0.686540956913014,0.5135,0.5521,0.4928,0.5935,0.5197,0.5245,0.21448954843340312,1.2056312549231718,1.8951156036282304,0.7014835384676708,0.48158875516935473,1.4576876190608292,1.877263384063279,0.8186629218513684,0.4741,0.4417,0.5093,0.6004,0.5271,0.5568,0.13239649021806085,1.0963416721756358,1.423993665170311,0.41849239083997286,0.6133764633095353,1.5897309824263413,2.4416390734534112,1.0822383381317295,0.6096,0.6054,0.4507,0.5521,600769.SH
84,,,,,,,,,,,,,,,,,,,,,,,,,,,,,,,,,,,,,,,,,,,,,,,,,,,,,,,,,600700.SH
85,0.5375,0.568,0.164658930263488,1.1540872896238215,1.6556847932269367,0.560862794877212,-0.06936103115217883,0.834384320890951,0.8487798767794704,0.04422456863042984,0.4381,0.6897,0.4949,0.5612,0.5335,0.5882,0.13039924851966953,1.109311144703917,1.5653120567601515,0.5111013946067637,-0.15604691049412533,0.7675965482135707,0.7135921753134062,-0.12914719005346315,0.4422,0.7032,0.4909,0.5544,0.5456,0.5747,-0.2126452927663437,0.785907206000207,1.0513948214136748,0.11252555014271667,-0.1568572104920571,0.7621663102617187,0.712447505274519,-0.13076779004932665,0.5274,0.6829,0.5233,0.5544,0.531,0.6138,0.1824473869280005,1.1564494381776804,1.909004269441603,0.7268578058865531,-0.07364562010868039,0.8363670521747413,0.842057181154348,0.03565539071742656,0.3571,0.4966,0.4712,0.487,600082.SH
86,0.5862,0.6288,-0.38650864283930964,0.6627057344948087,0.8068730363279721,-0.18476746906489647,0.23669755104510062,1.1760669580475378,1.4698216619818127,0.47297144819780135,0.5517,0.5815,0.6045,0.6085,0.5882,0.6288,-0.38650864283930964,0.6627057344948087,0.8068730363279721,-0.18476746906489647,0.23669755104510062,1.1760669580475378,1.4698216619818127,0.47297144819780135,0.5517,0.5815,0.6045,0.6085,0.6126,0.6491,-0.4083138954333305,0.6509931454717646,0.7220348138480556,-0.2985767154982497,0.10225012986050303,1.0289889970952855,1.1231738509327147,0.20407660582860604,0.6187,0.5612,0.6105,0.622,0.4968,0.5591,0.0034190363454517023,0.9892996508460735,1.272369915778556,0.26171630641345756,-0.05516066058560615,0.8889536141788235,0.8197088099213696,-0.11074497506361236,0.4327,0.4422,0.5135,0.5383,002406.SZ
87,0.5053,0.4787,-0.08721377523563896,0.8915323466551358,0.8446720567734647,-0.12307513042270947,-0.050536627958058966,0.8784727562267828,0.7551047803714516,-0.1729895172182545,0.5106,0.7447,0.4468,0.3989,0.5053,0.4787,-0.08721377523563896,0.8915323466551358,0.8446720567734647,-0.12307513042270947,-0.050536627958058966,0.8784727562267828,0.7551047803714516,-0.1729895172182545,0.5239,0.6028,0.4574,0.4255,0.5479,0.6028,0.11757693897454671,1.1012337953327906,0.980438367480699,0.023276055167528176,-0.050100274914903924,0.8818969160716618,0.7556901707254964,-0.17211681113194455,0.5027,0.7004,0.5053,0.5496,0.5245,0.4899,-0.09232613368887393,0.8917055225056902,0.8208668871587284,-0.15142938914574253,0.1131049378646121,1.0410576506725475,1.047480033727384,0.15429361442708758,0.5134,0.6093,0.4932,0.5631,600784.SH
88,0.5135,0.5383,-0.08448635409227925,0.8832458645031261,1.30828706992417,0.34200452706466644,-0.18603377065656881,0.7134349426449053,0.7596523026264068,-0.053602112978453964,0.6066,0.6073,0.5155,0.4969,0.5135,0.5383,-0.08448635409227925,0.8832458645031261,1.30828706992417,0.34200452706466644,-0.18603377065656881,0.7134349426449053,0.7596523026264068,-0.053602112978453964,0.6066,0.6073,0.5362,0.4831,0.5383,0.5797,0.041431519834113084,0.9977831011899715,1.4449513178668967,0.44730265680037695,-0.2887747997870046,0.6401635267556941,0.618023950010286,-0.2590841712393257,0.5135,0.49,0.5072,0.5245,0.5298,0.5177,-0.4722921335793143,0.5864623679561878,0.5436827559809834,-0.5285867037579354,-0.10870617658104881,0.7494688990638434,0.8868297806201668,0.101053075172586,0.4627,0.5947,0.4697,0.5289,002297.SZ
89,0.5283,0.5458,-0.024548464190889616,0.961539914548784,1.0330169451017381,0.049336303819176294,0.08119286914570964,1.0344117758719906,1.208292750008765,0.24390794906057633,0.4581,0.5393,0.4815,0.5133,0.5127,0.5458,-0.027098796321675278,0.9626832978664378,0.9539300376058836,-0.029897636528071397,0.0894871541856861,1.05259521785709,1.2286048688952487,0.2604965191405293,0.5049,0.4548,0.4366,0.4938,0.5263,0.5523,-0.023023523617698452,0.9652111452344332,1.0373892689927366,0.0534030279859337,0.010971217369228903,0.9702849475124654,1.0498658308943423,0.10346464550761489,0.5361,0.5783,0.5302,0.5263,0.5101,0.5196,0.032724647386092764,1.0232778156882532,0.9889914894555448,0.001327267010349728,0.03642622254469535,0.9892301181410231,1.1048225204534263,0.1543746558585477,0.4921,0.3937,0.5158,0.5072,601566.SH
90,0.5549,0.549,0.08685653299194283,1.0602600786448517,1.058555084242042,0.10636659462771934,0.5065377624760931,1.5046344174444182,1.8390545339789075,0.7505630233115496,0.4314,0.4183,0.5647,0.6078,0.5549,0.549,0.08685653299194283,1.0602600786448517,1.058555084242042,0.10636659462771934,0.5065377624760931,1.5046344174444182,1.8390545339789075,0.7505630233115496,0.4314,0.3922,0.5647,0.6078,0.5549,0.634,0.18846968945606773,1.1771367660484113,1.2676405004554296,0.2809790726836618,0.5421491531270041,1.554878675617217,1.9750327515800907,0.8217858046133717,0.6431,0.6471,0.5922,0.634,0.5102,0.5623,0.05197620462749362,1.0502896690820331,1.3183179597199761,0.33707603090124805,0.354458182279905,1.398905786209505,1.3562007839194605,0.44640386291917367,0.5236,0.5774,0.496,0.5622,600229.SH
91,0.5314,0.5612,0.03784894217496522,1.0260011944001786,1.2115666177191888,0.21916055288238373,0.3422673699559805,1.3388234153663636,2.4483567698192874,0.9822372659438966,0.5659,0.7032,0.5132,0.5409,0.5314,0.5612,-0.17430932296859147,0.830844492902784,1.1692372113733602,0.18571226488424408,0.18408564876584488,1.146212303170042,1.784065232166348,0.6658738235636253,0.5781,0.6694,0.5132,0.5409,0.5375,0.5274,-0.10823512761826709,0.8891240595034265,1.0598091356460573,0.08207014777912167,0.32687623813449945,1.322743985752746,2.373970368570701,0.9514550023009345,0.6187,0.5815,0.5254,0.5477,0.5351,0.5165,0.026089444040087,1.0178654345873972,1.217721421978989,0.22560651481271113,0.23773543377452944,1.2279021826208478,1.986293049240189,0.7731733935809945,0.5976,0.6301,0.5143,0.6011,600182.SH
92,,,,,,,,,,,,,,,,,,,,,,,,,,,,,,,,,,,,,,,,,,,,,,,,,,,,,,,,,002801.SZ
93,,,,,,,,,,,,,,,,,,,,,,,,,,,,,,,,,,,,,,,,,,,,,,,,,,,,,,,,,603530.SH
94,0.501,0.4801,-0.32069356107752256,0.6917949973870293,0.6638633377545904,-0.35282630903208556,-0.4464194756003017,0.565708070740095,0.5531572217818856,-0.4413067982744436,0.5558,0.426,0.5416,0.5815,0.501,0.4801,-0.32069356107752256,0.6917949973870293,0.6638633377545904,-0.35282630903208556,-0.4464194756003017,0.565708070740095,0.5531572217818856,-0.4413067982744436,0.5558,0.426,0.5416,0.5815,0.5233,0.5341,-0.04878902018522492,0.9145923328668509,0.9229623536438429,-0.01775346572810621,-0.26338561709281355,0.7039438489902548,0.7975512778468614,-0.07523908125946716,0.5801,0.5003,0.5112,0.5274,0.4728,0.523,-0.2628051421786319,0.7448177843597068,0.8220823357959492,-0.14654032620128882,-0.5593403685529743,0.5152712674629534,0.4410032363745587,-0.6671485841797887,0.3898,0.5714,0.457,0.4781,002589.SZ
95,0.5294,0.5341,0.09589773123601983,1.0624805611793262,1.1258415493248028,0.1704664591808992,0.3872515932640693,1.333950364610218,1.2267101467945059,0.36169806070590416,0.6126,0.622,0.6004,0.6423,0.5314,0.5206,-0.005713064899445272,0.9570736522528972,0.9620058577962524,0.015374874490077156,0.45502164461527395,1.4268331972560295,1.4049445829702942,0.4972381634083137,0.6065,0.622,0.6065,0.6356,0.5314,0.5206,-0.09928330749476061,0.8738696475605833,0.9155334458469715,-0.037120352323208705,0.3959603033915279,1.3432112684226316,1.2485544765522605,0.37911548096082154,0.4868,0.3854,0.5436,0.5139,0.5329,0.5144,0.01434025861557426,1.0106989079013458,1.0699441343663736,0.1139223749134394,0.40663184956552434,1.4806779305906357,1.2763419256520434,0.4004585733088143,0.5793,0.5285,0.5723,0.6517,000733.SZ
96,0.5072,0.6148,0.0030947342953148854,0.9873889393782943,1.1925954250484487,0.247500400099192,-0.2974832644967892,0.7023767563838473,0.42744594354618914,-0.6753040136160733,0.4784,0.5187,0.5331,0.4899,0.5072,0.6148,0.0030947342953148854,0.9873889393782943,1.1925954250484487,0.247500400099192,-0.2974832644967892,0.7023767563838473,0.42744594354618914,-0.6753040136160733,0.4784,0.5187,0.5216,0.4899,0.4841,0.5956,-0.046824487396306694,0.9345065752540744,1.0523149811543318,0.10502988158174453,-0.39975678412501525,0.6300362625218487,0.34828035653621126,-0.8798510528725255,0.4496,0.3074,0.4986,0.5283,0.5,0.5814,-0.35678782963816436,0.6879450510961347,0.7660808526427794,-0.17778506797731258,-0.417312442911277,0.635888097849401,0.33641190388512227,-0.9149623704450488,0.5216,0.4899,0.4942,0.4913,000526.SZ
97,0.5102,0.5556,0.09332534479299437,1.088486051671495,1.1026063971594473,0.14803854987064316,-0.2822709614887839,0.7026463475120244,0.5358574254609764,-0.47209424792492605,0.4492,0.6436,0.5183,0.5894,0.5224,0.5285,0.05739584292367052,1.0423439374096928,1.137125726748673,0.18719978627706674,-0.1686276253858389,0.7898507216777135,0.672883572528693,-0.244807575719036,0.439,0.6369,0.5183,0.5894,0.5142,0.5894,0.07046416210403328,1.058633223874289,1.0820562373312512,0.1313947094135331,-0.18828411969910386,0.7723929490980039,0.6469413624086093,-0.28412056434556576,0.5325,0.6775,0.5407,0.6165,0.5034,0.5393,-0.08027534170279144,0.9047443675303962,0.9029995599876998,-0.039803998078033004,0.09047866567749185,1.029110862160057,1.1300284184281482,0.2734050064076258,0.4236,0.5028,0.4479,0.4514,600208.SH
98,0.5477,0.5882,0.21271379910434618,1.1997631142230425,2.1735705993176886,0.8802267849027218,0.27567063482979054,1.1424402392663273,0.6860726102065131,0.013530946667064114,0.6085,0.6694,0.5619,0.5544,0.5477,0.5882,0.21271379910434618,1.1997631142230425,2.1735705993176886,0.8802267849027218,0.27567063482979054,1.1424402392663273,0.6860726102065131,0.013530946667064114,0.5822,0.6288,0.5619,0.5544,0.5396,0.595,0.09997706565324915,1.063980845237356,1.8648483773525226,0.7319895711607769,0.735720479632713,1.7527680191590043,1.726287238521204,0.9336306362729092,0.6876,0.7235,0.5456,0.6491,0.5208,0.5625,0.033709447015405125,0.9960844683122556,1.0776336230694916,0.19920787370581677,0.007939254533981782,0.8744313399946679,0.40084399491104333,-0.5219318139245535,0.5828,0.7294,0.5155,0.6529,002708.SZ
99,0.5233,0.4868,-0.16819917936282786,0.8307902759607885,0.8182196077954482,-0.1494524696371854,-0.659679509157947,0.4876090052049844,0.35018831858856303,-0.9090832511143234,0.4462,0.3922,0.4868,0.5003,0.5172,0.5071,-0.1742537841382006,0.8230926000048361,0.7967371008808646,-0.17711114109063336,-0.7155933472871076,0.4601572559092017,0.31320656613067127,-1.0209109273726447,0.4483,0.3989,0.4868,0.5003,0.5071,0.5003,-0.20439322397598997,0.7960609201919274,0.6662706971970183,-0.3481394507273632,-0.44131053416157395,0.6037423579350515,0.5423045999078974,-0.47234530112157747,0.4057,0.5071,0.4868,0.5341,0.517,0.4894,-0.01081461054723251,0.9891013863897041,0.770783529329476,-0.19709726997786756,0.013506683312396121,1.011039895546003,1.3476323972630322,0.4372891338263626,0.6721,0.6178,0.5594,0.5601,000821.SZ
100,,,,,,,,,,,,,,,,,,,,,,,,,,,,,,,,,,,,,,,,,,,,,,,,,,,,,,,,,603768.SH
101,0.5051,0.5477,0.3912674341357656,1.4380862982447973,1.5457637261848938,0.49055046936843116,0.8336010688455787,2.0801936152503666,2.93105196891688,1.256894412606671,0.643,0.7978,0.5375,0.6558,0.5051,0.5477,0.3912674341357656,1.4380862982447973,1.5457637261848938,0.49055046936843116,0.8336010688455787,2.0801936152503666,2.93105196891688,1.256894412606671,0.643,0.7978,0.5375,0.6558,0.501,0.5409,0.09632100226890895,1.089712044753933,1.614709187875752,0.5391770246339409,-0.050152070860788274,0.9205067644899911,0.4991096154221589,-0.510611866806063,0.643,0.8249,0.5335,0.6558,0.4958,0.0,0.0,1.0,1.0,0.0,0.0,1.0,0.5515731027972376,-0.41030772508448643,0.4654,0.0,0.5175,0.0,300420.SZ
102,0.516,0.6164,-0.009733395689413952,0.9799842844302549,1.7385310682353543,0.6082847334626531,-0.17019826533635882,0.8158469279838282,1.303508582410182,0.3784679108714827,0.3721,0.4642,0.4635,0.5099,0.516,0.6164,-0.009733395689413952,0.9799842844302549,1.7385310682353543,0.6082847334626531,-0.17019826533635882,0.8158469279838282,1.303508582410182,0.3784679108714827,0.3699,0.4186,0.4635,0.5099,0.532,0.6393,-0.037330200599387346,0.9613412367324021,1.369131848575558,0.35961997330659073,-0.23839955657349465,0.7775066170119113,1.1371313524188076,0.24206532839721112,0.3836,0.3957,0.5662,0.5784,0.5457,0.5844,0.006030453602349092,1.0009625128959194,1.4472538981341174,0.4111206004815883,-0.027096494926747816,0.9649916915455712,1.7338033920165052,0.6646714516907046,0.3457,0.3016,0.4319,0.4696,000008.SZ
103,0.5071,0.5206,-0.06707633667893537,0.8928058029722074,0.9891734729767357,0.05754717223755805,-0.7579034075653279,0.401575062563437,0.4179163926029304,-0.6674225494446991,0.4604,0.3178,0.4544,0.4395,0.497,0.4801,-0.32271609182972083,0.6870882576669215,0.8065116782119269,-0.14667210790798765,-0.8711379759928347,0.3547989714821274,0.33337559047971843,-0.8938916862997128,0.4604,0.3178,0.4686,0.4462,0.4787,0.4395,-0.10419596854083152,0.8742512183667385,1.0260780203546545,0.07189039933090666,-0.9638897934104398,0.3227831070868706,0.27689555372515434,-1.079395321134923,0.432,0.2231,0.4564,0.311,0.522,0.4892,-0.4237354145184815,0.6279381539469775,0.6834959397941838,-0.32624777073321093,-0.3363175151702003,0.615202746487184,0.9732582381815031,0.17574923534555628,0.4408,0.4218,0.4928,0.4831,002176.SZ
104,0.5172,0.5341,-0.13069566072506766,0.8549013600267558,0.8949046796330676,-0.06954193036980463,0.004644315908541155,0.8984719493097705,0.9267611498710452,0.07667127697105697,0.5152,0.284,0.5233,0.426,0.5172,0.5341,-0.06492677898165312,0.9108027900670106,0.9049640693593136,-0.055913555543041144,0.029843848079649002,0.9265176686051455,0.9750096241918454,0.12707034131327272,0.5071,0.3245,0.5233,0.426,0.5193,0.5341,-0.136013378772996,0.8496918460254939,0.8785012855424489,-0.0874790243963307,0.03151882548505064,0.924017935169872,0.9779067291750243,0.13042029612407582,0.5254,0.3245,0.503,0.4598,0.5281,0.5195,-0.14547691215713765,0.8423359987034273,0.9538849580039388,0.0002400540970484838,0.19618961206680532,1.1095624021249122,1.3603612521462791,0.45976186928758545,0.4061,0.449,0.5145,0.4841,600302.SH
105,,,,,,,,,,,,,,,,,,,,,,,,,,,,,,,,,,,,,,,,,,,,,,,,,,,,,,,,,300520.SZ
106,0.5238,0.5383,0.1722634653169039,1.152995566513262,1.3654335256155115,0.3812806864501729,0.34469128399644866,1.2662260489126358,1.584343259822307,0.6583630032728717,0.559,0.7384,0.588,0.6349,0.5445,0.5521,0.05225013019852267,1.0281783979196184,1.533447617725271,0.49901026598002435,0.33670937651805544,1.2718472036319348,1.558336822779064,0.6423991883160852,0.559,0.7384,0.588,0.6349,0.5507,0.6004,0.20048819207723723,1.2049505519765187,1.888976268635455,0.7127826403152911,0.7763525361819033,2.036807141789987,3.761751715133873,1.521685507643781,0.5901,0.7177,0.5569,0.6418,0.4989,0.5614,0.041153553900849744,1.017779548741968,1.3481192597023077,0.37689716424089026,0.007666426368478585,0.9336360788447801,0.8064400775184098,-0.015686711983068535,0.5364,0.4089,0.5544,0.5927,600855.SH
107,0.5355,0.5612,0.32939023286268504,1.3523356463254879,1.4612044067681988,0.4160845361423595,0.7641186715956763,1.9704541035326177,1.7446749911310702,0.67560025982689,0.6957,0.737,0.6024,0.5815,0.5355,0.5544,0.414829780134037,1.4710630502892221,1.5392634015079534,0.46865833698780407,0.8806558262408393,2.2144496096787583,2.202893746710003,0.9086745691172162,0.6957,0.737,0.6024,0.5815,0.5355,0.5409,0.26295857490086094,1.2644254519435203,1.3112377957706567,0.30953441069849774,0.8070138073984213,2.081586548527714,1.9009511952090692,0.7613905314323803,0.712,0.8181,0.6065,0.6288,0.5429,0.6122,0.4436309049042253,1.5327074997263377,1.8991541966786942,0.6719775958097759,0.818965964800952,2.1428016044512574,1.9462294420994637,0.7852948462374417,0.6207,0.6356,0.5274,0.5409,603288.SH
108,0.46,0.5458,-0.23820831689889638,0.7462770794776722,0.9663691834493112,0.02706322023509028,-0.3424772456982048,0.5971165480170366,0.7471862567073536,-0.10258181465881666,0.3353,0.3769,0.4152,0.4548,0.4678,0.5003,-0.40807726032888314,0.6256799189737853,0.7059104231181843,-0.27973833877527826,-0.2872682162205429,0.6307731430919679,0.8344310593684089,0.007836244296506756,0.3333,0.3574,0.4152,0.4548,0.4347,0.4873,-0.3506070782362976,0.6636862635227255,0.7307973104909423,-0.25020838876424323,-0.5923588978925014,0.4620572000996913,0.4531684510546678,-0.6023451190474101,0.3041,0.3119,0.4152,0.4353,0.4897,0.5096,-0.3210954205092491,0.6881315934340912,0.7739934471824333,-0.18082133642101644,-0.612674076882747,0.48110109990397937,0.4337390952700622,-0.6429754770279014,0.3875,0.3718,0.488,0.5867,002108.SZ
109,,,,,,,,,,,,,,,,,,,,,,,,,,,,,,,,,,,,,,,,,,,,,,,,,,,,,,,,,603339.SH
110,0.5314,0.5003,0.20664874684487794,1.1869131290259116,1.2897166283903612,0.29326292007322435,0.3364492556909035,1.1564284594999343,1.256591554417254,0.4230634289192499,0.6673,0.5274,0.5396,0.5003,0.5335,0.5003,-0.10107275886899086,0.879516947569125,0.879516947569125,-0.10107275886899086,0.24983508246255706,1.0562653645826183,1.0562653645826183,0.24983508246255706,0.6673,0.5274,0.5396,0.5003,0.5477,0.5612,0.117771064289001,1.096522206948665,1.096522206948665,0.117771064289001,0.24983508246255706,1.0562653645826183,1.0562653645826183,0.24983508246255706,0.6572,0.5274,0.5781,0.5544,0.4946,0.4925,-0.32129986086222084,0.6863513039763149,0.685630254513159,-0.3203505457679091,0.14741748099992222,0.9644524314170241,0.8601198318035517,0.04499987953728751,0.4898,0.4268,0.5186,0.4683,002328.SZ
111,0.5112,0.5544,0.19667436667343074,1.1943252369171942,1.7099701974584476,0.563416097885487,-0.0008392618236632843,0.9112891973816283,1.1571759907912291,0.25608608476638633,0.4199,0.3178,0.5477,0.5477,0.5132,0.5477,0.17020428474297994,1.163978031891238,1.638718174585883,0.5200786245665499,-0.029138520430885495,0.8870459529152377,1.0933991352766703,0.19948756755194208,0.4219,0.3448,0.5456,0.568,0.5517,0.5409,-0.05730294800160056,0.9204465833056447,1.3583778233795467,0.3389912476209864,0.06128754941438083,0.9731523052025574,1.3110703928309533,0.3803397072424747,0.4726,0.4936,0.5294,0.6018,0.5064,0.565,0.06299065132927645,1.0501128512091675,1.5385345134447224,0.4588229974221055,0.13315416539688157,1.0797987664961912,1.515257525822637,0.5240729392074762,0.5132,0.4752,0.5051,0.5249,000524.SZ
112,0.5575,0.5458,-0.16568475820722492,0.8095202075682548,0.7280629604423238,-0.2617850568818162,0.552535842287194,1.5065054269821256,1.3441458543915856,0.4663359915969311,0.5906,0.4873,0.5789,0.5523,0.5458,0.5263,-0.2099767722456774,0.7763363727528478,0.7551382672847481,-0.2245866969791881,0.3363446009185228,1.2257712477559688,0.8720990630465337,0.033953508859588644,0.5906,0.4743,0.5789,0.5393,0.5692,0.5523,-0.09211803958288889,0.86835664898829,0.92764755882735,-0.01800561550265954,0.7065058452139912,1.7447454891272507,1.8305263325872092,0.7742759974505253,0.6257,0.5263,0.577,0.4808,0.5215,0.5273,-0.13471971134225502,0.8529851852753236,0.6082718234407453,-0.43102503779559437,-0.1959237152687828,0.7758522660386137,0.30038746228648155,-1.0305831235150227,0.4581,0.4548,0.462,0.4743,000858.SZ
113,0.4544,0.4327,-0.3089013724157075,0.7046432329786582,0.6190300351801397,-0.41379844542260197,-0.37850255782244546,0.5955194189321661,0.6168229063058587,-0.26044711122940145,0.4361,0.4057,0.4584,0.4801,0.4544,0.426,-0.28801325506835235,0.7227610470254096,0.6360993390229261,-0.3913036963323592,-0.3376664218417755,0.6219150380865228,0.6695954584810766,-0.17877483926806134,0.4361,0.4057,0.4584,0.4801,0.4706,0.4462,-0.4992328050499805,0.5861121566689104,0.5700972808341566,-0.4995325748496281,-0.20754190737022832,0.7159567370676078,0.8689922420133768,0.08147418967503256,0.4361,0.4395,0.4544,0.5071,0.4627,0.5048,0.22883253079418592,1.1926546967944056,1.0026967185895133,0.07806059940650775,-0.635901753727717,0.45448479913849277,0.36829707075577894,-0.7752455030399443,0.4564,0.6491,0.5114,0.5935,002562.SZ
114,,,,,,,,,,,,,,,,,,,,,,,,,,,,,,,,,,,,,,,,,,,,,,,,,,,,,,,,,002803.SZ
115,0.4585,0.4585,-0.8559350152231688,0.40240254660357544,0.4735375096143738,-0.6574437019559113,-1.086944899885158,0.28018291183996885,0.3903538471629651,-0.6653082433386706,0.2445,0.1528,0.3799,0.3712,0.4585,0.4585,-0.8559350152231688,0.40240254660357544,0.4735375096143738,-0.6574437019559113,-1.086944899885158,0.28018291183996885,0.3903538471629651,-0.6653082433386706,0.2424,0.1674,0.3777,0.313,0.4738,0.4512,-0.5747338285234682,0.5297221254763101,0.6296313670031023,-0.372114378611237,-0.7178434848918323,0.4097749566490504,0.8180464916462417,0.07289458664798071,0.2489,0.182,0.3668,0.3785,0.4879,0.5072,-0.5687340297306684,0.5291759474289222,0.6713345148297516,-0.2939010982412882,-0.8596672265464955,0.35675919985229093,0.6155504613433196,-0.21075289666134583,0.3709,0.3753,0.4167,0.4655,002509.SZ
116,0.5396,0.5747,0.4152623945469901,1.4639260242602747,1.6923711201015954,0.5696854686264288,0.3838677109607312,1.2976861533214903,1.4823318094024827,0.5508604827796997,0.4584,0.4598,0.5071,0.4868,0.5193,0.5815,0.36798546120301967,1.3886126985826175,1.365226130003936,0.3579331027038051,0.31376778246688203,1.198502812600204,1.2882686716598915,0.4106606257920016,0.4584,0.4598,0.5071,0.4868,0.499,0.5612,0.3612630505017448,1.4091601100177602,1.5365124284144103,0.46862898092213817,0.31200889425911016,1.2756280432507183,1.2855356298325846,0.407142849376458,0.4239,0.3854,0.5112,0.4936,0.5281,0.5891,0.44298297318614277,1.5269152795699497,1.9137917969866243,0.6942450568020021,0.4686955105719781,1.4907960269003826,1.7581376332632819,0.7205160820021941,0.565,0.7656,0.5062,0.6474,002276.SZ
117,0.5153,0.6067,-0.1580127657674142,0.8248753823293775,0.8165741881561857,-0.13954332004993994,0.026487751106703233,0.9152592790786813,0.7485658803661465,-0.11554307290259028,0.4663,0.4431,0.4908,0.6135,0.5153,0.6067,-0.1580127657674142,0.8248753823293775,0.8165741881561857,-0.13954332004993994,0.026487751106703233,0.9152592790786813,0.7485658803661465,-0.11554307290259028,0.4663,0.4431,0.5276,0.593,0.5235,0.6067,0.040359690364469944,1.003661338754383,1.1154913749991333,0.17687032054244212,0.2231112730826415,1.115118233632591,1.1094091976087816,0.2777039710492859,0.4438,0.4431,0.5051,0.5181,0.5432,0.5333,0.15754313861337452,1.1381118612145664,1.1367316147053323,0.19094613379113864,0.33824841230134595,1.2748032619605583,1.3976023811224774,0.5079782494866951,0.5464,0.5498,0.5494,0.5967,002331.SZ
118,0.5639,0.5612,-0.1054577381948401,0.8744610929151543,1.1222377701547945,0.17336846512123655,0.30306948105113235,1.243665665363731,1.4332777645019048,0.5074223114885373,0.6126,0.737,0.5659,0.7099,0.5781,0.5747,-0.27860693307269824,0.7391618915446524,0.7336851713047998,-0.2510864931982886,0.3841191887621742,1.348583484194806,1.6855251742657822,0.6695217269106208,0.6126,0.737,0.574,0.6964,0.5659,0.6153,-0.19934232836322574,0.8026812789565828,1.0873934189265941,0.1233119405197389,0.35519717233035464,1.3063786944875928,1.5908089345845957,0.6116776940469818,0.5903,0.6423,0.6126,0.6964,0.5373,0.5757,0.22539500934439205,1.2129916243418732,1.4877870371429647,0.44629132554280265,0.3948897957647277,1.3437094084306767,1.7233833110155337,0.6910629409157276,0.5041,0.5894,0.5574,0.6216,002339.SZ
119,,,,,,,,,,,,,,,,,,,,,,,,,,,,,,,,,,,,,,,,,,,,,,,,,,,,,,,,,603326.SH
120,0.4523,0.453,-0.09534875266724746,0.8596026713365144,0.96392495439498,0.024377102867369174,-0.6841493308002865,0.40567481321065096,0.45247813327231684,-0.5636948127498429,0.3935,0.6153,0.4037,0.4192,0.4523,0.453,-0.09534875266724746,0.8596026713365144,0.96392495439498,0.024377102867369174,-0.6841493308002865,0.40567481321065096,0.45247813327231684,-0.5636948127498429,0.3895,0.6491,0.4037,0.4192,0.4665,0.5139,0.12751174443009827,1.0809979302008552,1.3138651753645016,0.32952524560561736,-0.20322591299507642,0.6654443777968706,1.1850791245787697,0.39815202286057705,0.3732,0.6153,0.4118,0.4395,0.5062,0.5278,0.22111228343061906,1.1975376484040618,1.3518754773442507,0.36550912778609557,-0.055042338383413936,0.8272743035786666,1.5923849517507696,0.6945191720839018,0.3544,0.482,0.4408,0.5238,300426.SZ
121,,,,,,,,,,,,,,,,,,,,,,,,,,,,,,,,,,,,,,,,,,,,,,,,,,,,,,,,,002861.SZ
122,,,,,,,,,,,,,,,,,,,,,,,,,,,,,,,,,,,,,,,,,,,,,,,,,,,,,,,,,603922.SH
123,0.5033,0.5197,-0.07956741620828026,0.9162511076591066,1.5732990247334813,0.5031032285759911,0.054295376632816666,1.0090354000344377,1.4802536190930213,0.5412175232462318,0.5434,0.5419,0.5501,0.5419,0.5033,0.5197,-0.07956741620828026,0.9162511076591066,1.5732990247334813,0.5031032285759911,0.054295376632816666,1.0090354000344377,1.4802536190930213,0.5412175232462318,0.5434,0.5419,0.5501,0.5419,0.5122,0.5568,-0.03294114144635843,0.9609183881470137,1.2049172191889388,0.24113580493379916,0.0007246799063686388,0.9723406578293692,1.3297327461891002,0.43407612979333576,0.6192,0.6533,0.5367,0.5939,0.5226,0.5025,0.007196563245830919,1.0007038670005777,0.964914088201347,0.012032572369072528,0.224029443989735,1.2211077089803677,2.0810365172171226,0.8806856579600686,0.5411,0.5936,0.5684,0.6419,600777.SH
124,,,,,,,,,,,,,,,,,,,,,,,,,,,,,,,,,,,,,,,,,,,,,,,,,,,,,,,,,300719.SZ
125,,,,,,,,,,,,,,,,,,,,,,,,,,,,,,,,,,,,,,,,,,,,,,,,,,,,,,,,,603301.SH
126,0.5639,0.5882,0.15729784656870444,1.157353085601299,0.9894621876206852,0.028467427347995705,0.23195485845359382,1.2086455974585608,1.1494683238650074,0.24525613735898924,0.6917,0.6491,0.5781,0.6085,0.5639,0.5882,0.15729784656870444,1.157353085601299,0.9894621876206852,0.028467427347995705,0.23195485845359382,1.2086455974585608,1.1494683238650074,0.24525613735898924,0.6897,0.6356,0.5781,0.6085,0.5659,0.595,0.3073964778551656,1.3244975340756198,1.5448211524566544,0.4724913470757398,0.41048761303506415,1.3933266620654152,1.64432902382512,0.6023216465219295,0.6552,0.6897,0.5578,0.6018,0.5315,0.5532,0.03469430290830401,1.0195524639648108,0.989781271192558,0.017409830735375373,0.20844833879859753,1.1706789187514566,1.0970865073255285,0.19824309804899648,0.5256,0.5521,0.5133,0.5181,600999.SH
127,0.5335,0.5612,0.015246381600976258,1.005468796719758,0.832459931417331,-0.10391311508951162,0.0905839052596754,1.0674874285284703,1.8089161195340133,0.8034507257397283,0.3631,0.453,0.5132,0.5071,0.5396,0.5612,-0.10347610641519431,0.8972938254029114,0.8336986968039324,-0.10407049569075905,0.2127132558418346,1.2047318851361688,2.3098838860542834,1.0477094269040468,0.3611,0.4462,0.5193,0.4936,0.5091,0.5003,-0.2814500513167174,0.7403189973278798,0.714757549550264,-0.26346900022331976,-0.41527852239372337,0.607240883207648,0.6565923496649472,-0.20827412956706887,0.3935,0.4462,0.4868,0.5003,0.4813,0.4703,-0.12201590970986798,0.8741555983368324,0.7633604313928744,-0.20005755332398184,-0.5821330032600869,0.5208699348389486,0.470300303157834,-0.5419830912997963,0.4736,0.5285,0.5234,0.5771,002640.SZ
128,0.5294,0.5815,0.14977039530880198,1.1370330631153678,1.3597230766889348,0.3602590151020084,0.08140878706538313,0.9837313421203391,1.0867652046367167,0.2438004093064386,0.5051,0.6491,0.5558,0.5612,0.5294,0.5815,0.14977039530880198,1.1370330631153678,1.3597230766889348,0.3602590151020084,0.08140878706538313,0.9837313421203391,1.0867652046367167,0.2438004093064386,0.5193,0.6288,0.5619,0.6018,0.5172,0.5544,0.3705374459647265,1.4193528962605577,1.665907893680284,0.5634892653083176,0.15835713504494317,1.0697742984129777,1.2678380926887565,0.3976971052655585,0.499,0.6423,0.5517,0.595,0.5487,0.5797,0.05875223382705966,1.0392301648325535,1.1241049968055437,0.17143392826041576,0.21780931609665888,1.1427223179215968,1.4281866180976692,0.51660146736899,0.5711,0.6911,0.565,0.6707,000985.SZ
129,0.5346,0.5827,0.1434179967941565,1.1239925739523315,1.0942226496989047,0.12466258548975497,0.042055930319465196,0.9411122650533952,1.3460578552037348,0.41894888019318977,0.5244,0.5285,0.5041,0.6301,0.5325,0.5894,-0.24704823539107096,0.7500490461663362,0.8068554688340269,-0.16772232581086005,0.030298857298383275,0.9317464878540647,1.3151167704038147,0.39543473415102565,0.5244,0.5285,0.5041,0.6707,0.5366,0.603,0.33630285773095403,1.3695853342832578,1.5000018844247487,0.4332609417749923,-0.046009249345272174,0.8597234606257785,1.1288703665681883,0.24281852086371486,0.5833,0.7791,0.5224,0.6165,0.4969,0.5171,0.16792916409473757,1.1468633602267047,1.1783007074294185,0.19908106921304825,-0.08468095973291145,0.829821583968467,1.0445753111509617,0.16547510008843624,0.5601,0.7332,0.562,0.6749,600295.SH
130,,,,,,,,,,,,,,,,,,,,,,,,,,,,,,,,,,,,,,,,,,,,,,,,,,,,,,,,,002908.SZ
131,0.5207,0.5048,0.08468622218389688,1.0740607278995786,0.5706919467797306,-0.42388154037122505,0.20414337658057627,1.171955819885832,0.7816594261202163,0.013328310862132431,0.5394,0.7815,0.5332,0.5533,0.527,0.5325,0.09978247885644626,1.0901436642829894,0.6469859934721266,-0.30029785272404985,0.29223820839689396,1.284020107496593,0.9325598350001953,0.1895179744947676,0.5498,0.7676,0.5249,0.5602,0.5456,0.5809,0.2394471566020393,1.2612527818818378,0.8045054760368636,-0.09130880402639141,0.23420831862454788,1.209420347303954,0.8305995560254612,0.07345819495007563,0.5249,0.7054,0.5124,0.5463,0.5236,0.5222,0.19205259724802765,1.184076000377731,0.6931313378747882,-0.2355051664350936,0.14183099616275002,1.0675515083239964,0.6900258234546045,-0.11129644997352017,0.5521,0.6389,0.5504,0.5532,002208.SZ
132,0.543,0.573,0.2512735622463133,1.27345408857479,1.3509287544017978,0.3208954743551771,0.04502769457751747,0.9871638329625101,1.1332202125163124,0.2112553288886266,0.5618,0.6359,0.5723,0.6289,0.5493,0.58,0.14565715702203927,1.1420739397279842,1.5110100886286866,0.44019936887612554,0.19006185798144054,1.1547452771859676,1.5148353624131963,0.5013236556964727,0.522,0.6569,0.5828,0.615,0.5702,0.566,0.17261203250239837,1.1772321602514004,1.3085747579073463,0.285239730826611,0.28753671091251914,1.26052955296988,1.8421419591632227,0.6962733615586301,0.587,0.6569,0.6164,0.6219,0.523,0.5762,0.2994560358969501,1.3331370078183344,1.562384649122821,0.47229219884534707,0.25109065434305367,1.2244810211399193,1.7120143306606386,0.6233812484196989,0.4947,0.6807,0.5793,0.6342,002128.SZ
133,,,,,,,,,,,,,,,,,,,,,,,,,,,,,,,,,,,,,,,,,,,,,,,,,,,,,,,,,603335.SH
134,0.498,0.5374,0.06197075880390556,1.0594351836600402,1.7415236421714257,0.5808691841079979,0.2706433543540986,1.2871807151549175,1.3938994623694931,0.42719965275320326,0.4408,0.4694,0.4204,0.4626,0.5122,0.5102,0.2293491965376784,1.2494934948409355,1.9808699974650097,0.7148978383661444,0.517908900458678,1.632949360675802,2.287092461356597,0.921730744962362,0.4408,0.4694,0.449,0.4626,0.5265,0.5578,0.08026346524443961,1.0646074958708212,1.656822021278382,0.5408570637129676,0.4221562112954182,1.4435987596648692,1.8870580360715212,0.7302253666358424,0.4796,0.551,0.4918,0.4762,0.5308,0.6157,0.24983554387300783,1.2757229391889287,1.8700083694344152,0.6545470765536414,0.29791742526044684,1.3199408120998357,1.4716186448267141,0.4817477945658998,0.5471,0.5669,0.5311,0.574,600857.SH
135,,,,,,,,,,,,,,,,,,,,,,,,,,,,,,,,,,,,,,,,,,,,,,,,,,,,,,,,,688398.SH
136,0.5375,0.5612,-0.33536714218380403,0.6973729014004233,0.964513263821993,0.03352563272912529,-0.00246405742555722,0.8990239667809301,0.8502138951011572,0.023554189870541087,0.5375,0.595,0.5598,0.5815,0.5375,0.5612,-0.33536714218380403,0.6973729014004233,0.964513263821993,0.03352563272912529,-0.00246405742555722,0.8990239667809301,0.8502138951011572,0.023554189870541087,0.5578,0.5882,0.5558,0.5882,0.5193,0.568,-0.2592306711062045,0.7516053358244473,1.147627033323792,0.20306288373840578,-0.16727336547444827,0.7618643128058945,0.6107835030206233,-0.30606442622724117,0.428,0.4192,0.5233,0.4801,0.4837,0.47,-0.11911406380566979,0.8601161902094697,1.1202862109561635,0.18920328664424452,-0.1597287797149706,0.7790832756534886,0.6199401412251219,-0.29097525470828567,0.5429,0.6463,0.4917,0.5947,600386.SH
137,,,,,,,,,,,,,,,,,,,,,,,,,,,,,,,,,,,,,,,,,,,,,,,,,,,,,,,,,002926.SZ
138,,,,,,,,,,,,,,,,,,,,,,,,,,,,,,,,,,,,,,,,,,,,,,,,,,,,,,,,,300534.SZ
139,,,,,,,,,,,,,,,,,,,,,,,,,,,,,,,,,,,,,,,,,,,,,,,,,,,,,,,,,603639.SH
140,0.5335,0.6018,0.22772160193718538,1.2343866538842225,1.0991759579521458,0.17449762648927925,0.5141350576241089,1.5421305988999692,1.5054516441029064,0.6071430697019374,0.4219,0.6626,0.5335,0.5882,0.5335,0.6018,0.22772160193718538,1.2343866538842225,1.0991759579521458,0.17449762648927925,0.5141350576241089,1.5421305988999692,1.5054516441029064,0.6071430697019374,0.4726,0.6761,0.5335,0.5882,0.5233,0.4936,0.24889903802598295,1.2554200609223456,1.2517566783343805,0.29758914945710896,0.5901685942458138,1.624881768129217,1.7528828333762936,0.7592101429453469,0.4422,0.7302,0.497,0.4665,0.5252,0.5392,0.24293305197874818,1.246029384607882,1.0534045792679707,0.10357045238537027,0.7570548553729026,1.8975983598380788,2.4528811523085956,1.0929826651995245,0.4959,0.517,0.5092,0.5955,000650.SZ
141,0.5172,0.5274,-0.009331871421361207,0.9906890130353819,0.5508575064315583,-0.46527124867749975,0.01557558089179599,1.0144195524409485,0.5372966850325401,-0.3553817481338707,0.4544,0.3719,0.501,0.4124,0.5274,0.5003,0.0061806312995519586,1.0030936077517405,0.531820879185364,-0.4962527010896949,0.05283333756964565,1.04430207883054,0.5789035672156895,-0.2808662347781713,0.4523,0.3313,0.503,0.4192,0.5193,0.4936,-0.03793752957879365,0.9579569119600512,0.44278220052700545,-0.6766613538952531,0.07307787037488003,1.049149898800757,0.6028903836175967,-0.2403771691677026,0.5071,0.4124,0.4949,0.453,0.5053,0.5497,0.0,1.0,1.6844813433335424,0.5898861975408225,0.0,1.0,0.5208205453022439,-0.38653290991746225,0.4571,0.3061,0.5122,0.4626,000936.SZ
142,0.5468,0.5887,0.009330435926040437,0.9782432228101766,1.2195523607056311,0.29565256620527475,-0.20070220608337253,0.6949173376454182,0.6018295887399454,-0.14943150009262318,0.4511,0.5603,0.5,0.5319,0.5532,0.5745,0.06915635237614762,1.0460629120779903,0.9280771463656708,0.026383926083023895,-0.05128051648022347,0.8227639328145534,0.8115002450967429,0.14941187911367482,0.4511,0.5603,0.5021,0.5319,0.5319,0.5745,-0.3064091819686429,0.7073703469843067,0.8506417750084296,-0.05285265083903823,-0.2833604831693474,0.6404624717518264,0.5097369216172409,-0.31474805426457286,0.5106,0.7092,0.5064,0.5887,0.5629,0.6181,0.39305834526100386,1.3839340885655596,2.0703858973009743,0.8332846642629805,0.6178331220335835,1.4340471461949258,3.1041487582523484,1.487639156141289,0.4957,0.7407,0.5172,0.5508,002012.SZ
143,0.4839,0.464,-0.13618530213023478,0.8369089252872451,0.9323001409662175,0.01225518247617327,-1.0211341723504357,0.304523279980274,0.8890444360880233,0.1661567113918267,0.3961,0.571,0.5032,0.4996,0.4839,0.464,-0.13618530213023478,0.8369089252872451,0.9323001409662175,0.01225518247617327,-1.0211341723504357,0.304523279980274,0.8890444360880233,0.1661567113918267,0.3961,0.571,0.5032,0.4996,0.4861,0.5139,-0.30499824124289554,0.7110314808224043,0.9622864791153428,0.050441634236289,-1.5565198107432916,0.1805910009572922,0.3041788517847362,-0.9046145653938853,0.4732,0.6852,0.5396,0.5639,0.4783,0.45,-0.32385551332459317,0.6862881087140595,0.5869265387681317,-0.454057281391573,-1.9016000559411885,0.12103403052325733,0.15238991743605448,-1.5947750557896792,0.3456,0.4608,0.4912,0.4794,600634.SH
144,,,,,,,,,,,,,,,,,,,,,,,,,,,,,,,,,,,,,,,,,,,,,,,,,,,,,,,,,601949.SH
145,0.5639,0.5612,-0.16830800007315289,0.8115242355988369,0.9342075965938137,-0.013957886384807348,0.26749694362510473,1.1579902178963857,1.7040068823529753,0.696608386509343,0.5193,0.737,0.5477,0.595,0.5659,0.5612,-0.16830800007315289,0.8115242355988369,0.9342075965938137,-0.013957886384807348,0.26749694362510473,1.1579902178963857,1.7040068823529753,0.696608386509343,0.5193,0.737,0.5477,0.595,0.568,0.568,-0.026446066339946422,0.9281258446257874,0.9862541178049974,0.046405156167205204,0.29405446302248006,1.1855968509077186,1.7966181435842397,0.7497234253040934,0.4787,0.6761,0.5314,0.6018,0.5393,0.5716,-0.19919710679721314,0.7930943099256098,0.9787173159146602,0.029482423045507328,0.021345387628284918,0.9179353851374707,1.0410175984636754,0.2043052745157029,0.4705,0.4209,0.5481,0.6408,300314.SZ
146,0.4927,0.4574,0.20493279069182224,1.2155185338534409,0.540482059292664,-0.4611515607636262,0.10207749900604313,1.0624097013434564,0.29680517177226473,-0.8959973978787177,0.5156,0.5405,0.5156,0.4712,0.4906,0.4643,0.1094202044906113,1.105412762668698,0.4539410838035205,-0.6458402145708458,0.17075203687149204,1.1391791114840037,0.3405821026867522,-0.75864832214782,0.5177,0.492,0.5426,0.492,0.4761,0.4435,0.07133513757625817,1.0712371820120379,0.327544739032035,-0.9755673019624017,0.13008855174942568,1.1168219528569745,0.31396085619957725,-0.8399752923919526,0.5426,0.499,0.474,0.499,0.4968,0.504,-0.13050530931570625,0.8645577493599071,0.49276886785286333,-0.5427325288505519,0.07561647727349624,1.0461759859575115,0.28139560384199575,-0.9489194413438116,0.5792,0.7639,0.5336,0.5252,002124.SZ
147,0.5472,0.5569,-0.028507854098150015,0.9594425667370148,0.9069449670884107,-0.04065292049546844,0.021559921457798142,0.9695291760076451,0.5317188567221737,-0.45580562606891867,0.431,0.4116,0.5617,0.5569,0.5375,0.5569,-0.08264856658991054,0.9079769932225745,0.9687222124627013,0.01868498887036267,-0.050100506827861685,0.9021743840615463,0.4606767500525053,-0.5991264826402383,0.4358,0.46,0.5642,0.5811,0.5569,0.5004,-0.023752871777231274,0.9667023891658688,0.9064301751315669,-0.05147967015019525,0.4091629729602545,1.3955245687580833,1.1573744970504798,0.319400476935994,0.5036,0.452,0.5763,0.5811,0.4726,0.4787,-0.2030862117157764,0.8037300098786605,0.5309704988365704,-0.5357473157617372,-0.30806014836882156,0.7100094698931967,0.27501177091597884,-1.115045765722158,0.5784,0.5147,0.598,0.6281,600052.SH
148,0.5743,0.6449,0.23872194135663727,1.2570504832638476,1.491154943065969,0.4984383553043654,0.6940937208181168,1.8473216038299687,2.6504296966988075,1.256452744993155,0.5723,0.5567,0.558,0.6789,0.5886,0.6178,0.11635393623847812,1.112886295679601,1.2526097771224673,0.3326141756184702,0.6520960436375618,1.7846505546373408,2.437468786950946,1.172457390632045,0.5825,0.5363,0.558,0.6721,0.5601,0.611,0.28503794103109037,1.3183871353050727,1.3590268826716747,0.4124613210507164,0.7561041202314323,1.9680574359242784,3.0030776464254347,1.3804735438197857,0.5825,0.6246,0.6415,0.7264,0.5612,0.6329,0.1701031999975456,1.1673868262857645,0.9642512912115182,0.08120345873145025,0.31946307270086577,1.2688763224244706,1.249860096156046,0.5071914487586531,0.6029,0.6517,0.5464,0.6392,600689.SH
149,,,,,,,,,,,,,,,,,,,,,,,,,,,,,,,,,,,,,,,,,,,,,,,,,,,,,,,,,603659.SH
150,0.4949,0.4801,-0.29113426616323546,0.7306394989837444,0.833387205633766,-0.09619130714346885,-0.05399581959021439,0.8707041009547759,0.6001419823987355,-0.250134858387486,0.5355,0.6491,0.501,0.5544,0.4949,0.4801,-0.29113426616323546,0.7306394989837444,0.833387205633766,-0.09619130714346885,-0.05399581959021439,0.8707041009547759,0.6001419823987355,-0.250134858387486,0.5355,0.6491,0.4868,0.5477,0.501,0.4598,-0.36969513363253215,0.6751194860984697,0.7266395853639745,-0.22856808284412716,-0.23553613407260166,0.7250699821472548,0.4171946607186131,-0.6132154873522607,0.5842,0.6626,0.497,0.5882,0.5108,0.4598,-0.26743876426052277,0.7355276320008635,0.7877161568658135,-0.1778872657321331,0.41845196663369655,1.3059175918861983,1.5484565060518047,0.6947607140603359,0.5449,0.5918,0.546,0.5521,000892.SZ
151,,,,,,,,,,,,,,,,,,,,,,,,,,,,,,,,,,,,,,,,,,,,,,,,,,,,,,,,,603138.SH
152,0.5193,0.5612,-0.05046580734710207,0.9331583538435606,1.2994922921926497,0.34148204374585356,0.2917515491712696,1.269533737491262,1.4331433841064143,0.5864158760457151,0.5598,0.5544,0.5314,0.6288,0.5172,0.5544,-0.05046580734710207,0.9331583538435606,1.2994922921926497,0.34148204374585356,0.2917515491712696,1.269533737491262,1.4331433841064143,0.5864158760457151,0.5416,0.5003,0.5314,0.6288,0.5396,0.5341,-0.08001821623755177,0.9180176055612995,0.5843459769037984,-0.4445611487314331,0.05504832534738449,1.017595204476311,0.891974384672728,0.11300942839794481,0.5051,0.5274,0.5578,0.4868,0.5246,0.5283,0.21283362897160168,1.216970750377307,1.0378650675391132,0.12844331438343132,0.13017110185297673,1.0782180318707832,1.0373097177703352,0.26325498140912906,0.5388,0.5306,0.5137,0.6175,000517.SZ
153,,,,,,,,,,,,,,,,,,,,,,,,,,,,,,,,,,,,,,,,,,,,,,,,,,,,,,,,,002845.SZ
154,0.5558,0.5477,-0.2862877818168778,0.7346398205857623,0.7921755541115768,-0.1971623736993765,0.053555149339089336,0.967061967489764,1.142737454208135,0.24895127307975534,0.5497,0.6153,0.5416,0.595,0.5558,0.5477,-0.2862877818168778,0.7346398205857623,0.7921755541115768,-0.1971623736993765,0.053555149339089336,0.967061967489764,1.142737454208135,0.24895127307975534,0.5497,0.6153,0.5416,0.595,0.5558,0.5409,-0.15557851174653622,0.8377082235318764,0.8881540532938036,-0.08216717938908158,0.03747899430984186,0.9525724404591434,1.10653857905461,0.21679896302126037,0.5639,0.426,0.5456,0.6153,0.5249,0.5325,-0.07899890870839729,0.9062224437090308,0.9144764219023618,-0.054244011222750486,-0.05270907189789828,0.879259543678302,0.9238886097075897,0.03642283060578018,0.499,0.5139,0.5194,0.559,603599.SH
155,0.5087,0.5569,-0.0320670051981575,0.9442893095713168,1.0018229417047126,0.07126418863781547,-0.42275975210884864,0.6031674003529749,0.7627529249665083,-0.05173139715007949,0.4539,0.4821,0.4938,0.4572,0.5087,0.5569,-0.0320670051981575,0.9442893095713168,1.0018229417047126,0.07126418863781547,-0.42275975210884864,0.6031674003529749,0.7627529249665083,-0.05173139715007949,0.4539,0.4821,0.4938,0.4572,0.5187,0.5819,0.009431694454773737,0.9759831378687859,1.7979321639778472,0.6534136361345231,0.09340188626428227,0.9842112392399616,2.1467308764171653,0.9805918795961825,0.4589,0.4738,0.4439,0.399,0.4784,0.4495,-0.38558829394748817,0.6614485638411849,0.5389918628658448,-0.5628554959295562,-0.652715757471502,0.48985680976453344,0.4814380170977414,-0.5116434078753858,0.3869,0.335,0.4167,0.3956,002721.SZ
156,0.5091,0.5274,0.12088056526006055,1.1212566225721357,1.2752189261078088,0.2648006638868762,0.296898986559104,1.320698990564552,1.7035651406211232,0.602616456032725,0.4888,0.622,0.5132,0.6356,0.5112,0.5477,-0.005291619221578836,0.9871447034329763,1.023954309253435,0.044621562191606,0.20344684973108984,1.203275209496433,1.4130264320332073,0.4157121823766965,0.4868,0.6018,0.5071,0.595,0.4868,0.5477,-0.030551597850736807,0.9665259691533655,1.011986323972077,0.029751628648772024,-0.11103481245883275,0.8866062479172515,0.7529541724364766,-0.2132511420031485,0.5274,0.5341,0.4848,0.5409,0.4916,0.4571,0.03540733351698568,1.028377055613012,0.7926619067294061,-0.2126585953194679,0.03573306131376304,1.0183800464000161,1.0101035260308286,0.08028460554204304,0.4403,0.5213,0.4691,0.535,600021.SH
157,,,,,,,,,,,,,,,,,,,,,,,,,,,,,,,,,,,,,,,,,,,,,,,,,,,,,,,,,603387.SH
158,0.5264,0.542,0.10922955321531244,1.1078615654256772,1.4256879282960098,0.37527154025804255,0.20535493010309921,1.1610568001300134,1.9724590656307865,0.7782419077048923,0.4492,0.4404,0.5203,0.542,0.5427,0.542,0.09187131301506488,1.0859727681265186,1.4867104988568602,0.4197750067373972,0.2924923500600011,1.26196235832737,2.3481057050851497,0.9525167476186959,0.4512,0.4675,0.5203,0.542,0.5691,0.5894,-0.039821310201412274,0.9404471824311402,1.2196526960269178,0.2336202194793953,0.003493468003962691,0.9460263780870102,1.3174820203653936,0.3745189835066193,0.5183,0.5962,0.5264,0.5352,0.5458,0.6183,0.21884681608162582,1.2275445569639423,1.5405031307192356,0.45915064860370297,0.23217856832318878,1.196848234714963,2.0824638782876317,0.8318891841450713,0.3938,0.543,0.5331,0.489,601101.SH
159,,,,,,,,,,,,,,,,,,,,,,,,,,,,,,,,,,,,,,,,,,,,,,,,,,,,,,,,,002903.SZ
160,0.5227,0.5028,0.03879578591773623,0.9970138107375022,1.3348504921106201,0.35984950886508427,0.6942597470483678,1.685163567512975,1.7075898431127037,0.8451635435858564,0.436,0.2893,0.4525,0.3994,0.5227,0.5028,0.03879578591773623,0.9970138107375022,1.3348504921106201,0.35984950886508427,0.6942597470483678,1.685163567512975,1.7075898431127037,0.8451635435858564,0.436,0.2893,0.4525,0.3994,0.5248,0.5441,0.04025445027375735,1.0285723136277312,0.7554773741672677,-0.1838164569707823,0.3929619208705058,1.430756051168919,0.9346411926214513,0.24256789123013214,0.4669,0.3237,0.4917,0.3719,0.4791,0.0,0.0,1.0,1.0,0.0,0.0,1.0,0.4245173627257146,-0.5433559505108796,0.4917,0.0,0.4959,0.0,300469.SZ
